P_Batt_in (W),,Cap_Loss_CH [p.u./HalfCycle],pu/dth
0,0,4.55E-07,0.00E+00
0,0,4.55E-07,0.00E+00
0,0,4.55E-07,0.00E+00
0,0,4.55E-07,0.00E+00
0,0,4.55E-07,0.00E+00
0,0,4.55E-07,0.00E+00
0,0,4.55E-07,0.00E+00
0,0,4.55E-07,0.00E+00
-11.93418261,0.000331505,4.55E-07,1.51E-10
-47.93171941,0.001331437,4.56E-07,6.07E-10
-83.92629451,0.002331286,4.56E-07,1.06E-09
-119.9179086,0.003331053,4.57E-07,1.52E-09
-154.4201664,0.004289449,4.57E-07,1.96E-09
-190.405983,0.005289055,4.57E-07,2.42E-09
-226.3888409,0.006288579,4.58E-07,2.88E-09
-262.3687406,0.007288021,4.58E-07,3.34E-09
-297.048052,0.008251335,4.58E-07,3.78E-09
-333.0221444,0.009250615,4.59E-07,4.25E-09
-368.9932809,0.010249813,4.59E-07,4.70E-09
-404.9614622,0.01124893,4.60E-07,5.17E-09
-440.8269619,0.012245193,4.60E-07,5.63E-09
-476.7892432,0.013244146,4.60E-07,6.09E-09
-512.7485715,0.014243016,4.61E-07,6.57E-09
-548.7049476,0.015241804,4.61E-07,7.03E-09
-584.5586776,0.016237741,4.62E-07,7.50E-09
-620.5091594,0.017236366,4.62E-07,7.96E-09
-656.4566912,0.018234908,4.62E-07,8.42E-09
-692.4012736,0.019233369,4.63E-07,8.91E-09
-728.2432455,0.020228979,4.63E-07,9.37E-09
-764.1819395,0.021227276,4.64E-07,9.85E-09
-800.1176863,0.022225491,4.64E-07,1.03E-08
-836.0504867,0.023223625,4.64E-07,1.08E-08
-871.8807121,0.024218909,4.65E-07,1.13E-08
-907.8076299,0.025216879,4.65E-07,1.17E-08
-943.7316033,0.026214767,4.66E-07,1.22E-08
-979.6526331,0.027212573,4.66E-07,1.27E-08
-1015.130208,0.028198061,4.66E-07,1.31E-08
-1051.045389,0.029195705,4.67E-07,1.36E-08
-1086.957629,0.030193267,4.67E-07,1.41E-08
-1122.866928,0.031190748,4.68E-07,1.46E-08
-1157.820546,0.032161682,4.68E-07,1.51E-08
-1193.724043,0.033159001,4.69E-07,1.56E-08
-1229.624602,0.034156239,4.69E-07,1.60E-08
-1265.522224,0.035153395,4.69E-07,1.65E-08
-1300.464477,0.036124013,4.70E-07,1.70E-08
-1336.356302,0.037121008,4.70E-07,1.74E-08
-1372.245192,0.038117922,4.71E-07,1.80E-08
-1408.131147,0.039114754,4.71E-07,1.84E-08
-1443.062047,0.040085057,4.72E-07,1.89E-08
-1478.942212,0.041081728,4.72E-07,1.94E-08
-1514.819444,0.042078318,4.72E-07,1.99E-08
-1550.693744,0.043074826,4.73E-07,2.04E-08
-1585.6133,0.044044814,4.73E-07,2.08E-08
-1621.481816,0.045041162,4.74E-07,2.13E-08
-1657.347402,0.046037428,4.74E-07,2.18E-08
-1693.210059,0.047033613,4.75E-07,2.23E-08
-1728.118283,0.048003286,4.75E-07,2.28E-08
-1763.975161,0.04899931,4.75E-07,2.33E-08
-1799.829112,0.049995253,4.76E-07,2.38E-08
-1835.680137,0.050991115,4.76E-07,2.43E-08
-1870.57704,0.051960473,4.77E-07,2.48E-08
-1906.422292,0.052956175,4.77E-07,2.53E-08
-1942.264619,0.053951795,4.78E-07,2.58E-08
-1978.104023,0.054947334,4.78E-07,2.63E-08
-2012.989617,0.055916378,4.79E-07,2.68E-08
-2048.823253,0.056911757,4.79E-07,2.73E-08
-2084.653968,0.057907055,4.79E-07,2.77E-08
-2120.481762,0.058902271,4.80E-07,2.83E-08
-2155.356057,0.059871002,4.80E-07,2.87E-08
-2191.178089,0.060866058,4.81E-07,2.93E-08
-2226.997203,0.061861033,4.81E-07,2.98E-08
-2262.813398,0.062855928,4.82E-07,3.03E-08
-2297.676406,0.063824345,4.82E-07,3.08E-08
-2333.486845,0.064819079,4.83E-07,3.13E-08
-2369.294369,0.065813732,4.83E-07,3.18E-08
-2405.098978,0.066808305,4.84E-07,3.23E-08
-2439.950708,0.067776409,4.84E-07,3.28E-08
-2475.749566,0.068770821,4.84E-07,3.33E-08
-2511.545511,0.069765153,4.85E-07,3.38E-08
-2547.338544,0.070759404,4.85E-07,3.43E-08
-2582.179009,0.071727195,4.86E-07,3.49E-08
-2617.966297,0.072721286,4.86E-07,3.53E-08
-2653.750674,0.073715297,4.87E-07,3.59E-08
-2689.532143,0.074709226,4.87E-07,3.64E-08
-2724.361352,0.075676704,4.88E-07,3.69E-08
-2760.137081,0.076670474,4.88E-07,3.74E-08
-2795.909903,0.077664164,4.89E-07,3.80E-08
-2831.679818,0.078657773,4.89E-07,3.85E-08
-2866.497783,0.079624938,4.90E-07,3.90E-08
-2902.261964,0.080618388,4.90E-07,3.95E-08
-2938.02324,0.081611757,4.91E-07,4.01E-08
-2973.781613,0.082605045,4.91E-07,4.06E-08
-3008.588345,0.083571898,4.92E-07,4.11E-08
-3044.34099,0.084565028,4.92E-07,4.16E-08
-3080.090732,0.085558076,4.93E-07,4.22E-08
-3115.837574,0.086551044,4.93E-07,4.27E-08
-3150.633084,0.087517586,4.94E-07,4.32E-08
-3186.374203,0.088510395,4.94E-07,4.37E-08
-3222.112423,0.089503123,4.95E-07,4.43E-08
-3257.847745,0.090495771,4.95E-07,4.48E-08
-3292.632043,0.091462001,4.96E-07,4.54E-08
-3328.361648,0.09245449,4.96E-07,4.59E-08
-3364.088356,0.093446899,4.97E-07,4.64E-08
-3399.812169,0.094439227,4.97E-07,4.69E-08
-3434.585267,0.095405146,4.98E-07,4.75E-08
-3470.303368,0.096397316,4.98E-07,4.80E-08
-3506.018576,0.097389405,4.99E-07,4.86E-08
-3541.730892,0.098381414,4.99E-07,4.91E-08
-3576.492799,0.099347022,5.00E-07,4.97E-08
-3612.199409,0.100338872,5.00E-07,5.02E-08
-3647.903127,0.101330642,5.01E-07,5.08E-08
-3683.603956,0.102322332,5.01E-07,5.13E-08
-3718.252814,0.1032848,5.02E-07,5.18E-08
-3753.94795,0.104276332,5.02E-07,5.23E-08
-3789.640199,0.105267783,5.03E-07,5.29E-08
-3825.329561,0.106259154,5.03E-07,5.34E-08
-3859.612945,0.107211471,5.04E-07,5.40E-08
-3895.296649,0.108202685,5.04E-07,5.45E-08
-3930.977467,0.109193819,5.05E-07,5.51E-08
-3966.655401,0.110184872,5.05E-07,5.56E-08
-4000.92781,0.111136884,5.06E-07,5.62E-08
-4036.600092,0.11212778,5.06E-07,5.67E-08
-4072.269491,0.113118597,5.07E-07,5.74E-08
-4107.936008,0.114109334,5.07E-07,5.79E-08
-4142.197452,0.11506104,5.08E-07,5.85E-08
-4177.858322,0.11605162,5.08E-07,5.90E-08
-4213.516313,0.11704212,5.09E-07,5.96E-08
-4249.171425,0.11803254,5.10E-07,6.02E-08
-4283.421914,0.118983942,5.10E-07,6.07E-08
-4319.071384,0.119974205,5.11E-07,6.13E-08
-4354.717977,0.120964388,5.11E-07,6.18E-08
-4390.361695,0.121954492,5.12E-07,6.24E-08
-4424.60124,0.12290559,5.12E-07,6.29E-08
-4460.239321,0.123895537,5.13E-07,6.36E-08
-4495.874527,0.124885404,5.13E-07,6.41E-08
-4531.506861,0.125875191,5.14E-07,6.47E-08
-4565.735473,0.126825985,5.14E-07,6.52E-08
-4601.362175,0.127815616,5.15E-07,6.58E-08
-4636.986006,0.128805167,5.16E-07,6.65E-08
-4672.606966,0.129794638,5.16E-07,6.70E-08
-4706.824655,0.130745129,5.17E-07,6.76E-08
-4742.43999,0.131734444,5.17E-07,6.81E-08
-4778.052456,0.132723679,5.18E-07,6.88E-08
-4813.662055,0.133712835,5.18E-07,6.93E-08
-4847.868831,0.134663023,5.19E-07,6.99E-08
-4883.472809,0.135652022,5.19E-07,7.04E-08
-4919.073921,0.136640942,5.20E-07,7.11E-08
-4954.672169,0.137629782,5.21E-07,7.17E-08
-4988.868042,0.138579668,5.21E-07,7.22E-08
-5024.460675,0.139568352,5.22E-07,7.29E-08
-5060.050444,0.140556957,5.22E-07,7.34E-08
-5095.637351,0.141545482,5.23E-07,7.40E-08
-5129.822333,0.142495065,5.23E-07,7.45E-08
-5165.403631,0.143483434,5.24E-07,7.52E-08
-5200.982068,0.144471724,5.25E-07,7.58E-08
-5236.557646,0.145459935,5.25E-07,7.64E-08
-5270.731746,0.146409215,5.26E-07,7.70E-08
-5306.30172,0.14739727,5.26E-07,7.75E-08
-5341.868835,0.148385245,5.27E-07,7.82E-08
-5377.433094,0.149373142,5.28E-07,7.89E-08
-5411.596324,0.15032212,5.28E-07,7.94E-08
-5447.154984,0.151309861,5.29E-07,8.00E-08
-5482.710789,0.152297522,5.29E-07,8.06E-08
-5518.263741,0.153285104,5.30E-07,8.12E-08
-5552.41611,0.154233781,5.31E-07,8.19E-08
-5587.963467,0.155221207,5.31E-07,8.24E-08
-5623.507972,0.156208555,5.32E-07,8.31E-08
-5659.049627,0.157195823,5.32E-07,8.36E-08
-5693.191145,0.158144198,5.33E-07,8.43E-08
-5728.727211,0.159131311,5.34E-07,8.50E-08
-5764.260427,0.160118345,5.34E-07,8.55E-08
-5799.790795,0.1611053,5.35E-07,8.62E-08
-5833.921474,0.162053374,5.35E-07,8.67E-08
-5869.446259,0.163040174,5.36E-07,8.74E-08
-5904.968197,0.164026894,5.37E-07,8.81E-08
-5940.487289,0.165013536,5.37E-07,8.86E-08
-5974.607138,0.165961309,5.38E-07,8.93E-08
-6010.120653,0.166947796,5.38E-07,8.98E-08
-6045.631324,0.167934203,5.39E-07,9.05E-08
-6081.139151,0.168920532,5.40E-07,9.12E-08
-6115.248181,0.169868005,5.40E-07,9.17E-08
-6150.750436,0.170854179,5.41E-07,9.24E-08
-6186.24985,0.171840274,5.42E-07,9.31E-08
-6221.746423,0.17282629,5.42E-07,9.37E-08
-6255.844644,0.173773462,5.43E-07,9.44E-08
-6291.33565,0.174759324,5.44E-07,9.51E-08
-6326.823818,0.175745106,5.44E-07,9.56E-08
-6362.309147,0.17673081,5.45E-07,9.63E-08
-6396.396569,0.177677682,5.45E-07,9.68E-08
-6431.876337,0.178663232,5.46E-07,9.76E-08
-6467.35327,0.179648702,5.47E-07,9.83E-08
-6502.827367,0.180634094,5.47E-07,9.88E-08
-6536.904,0.181580667,5.48E-07,9.95E-08
-6572.372541,0.182565904,5.49E-07,1.00E-07
-6607.838248,0.183551062,5.49E-07,1.01E-07
-6643.301123,0.184536142,5.50E-07,1.01E-07
-6677.366978,0.185482416,5.51E-07,1.02E-07
-6712.824302,0.186467342,5.51E-07,1.03E-07
-6748.278796,0.187452189,5.52E-07,1.03E-07
-6783.730459,0.188436957,5.53E-07,1.04E-07
-6817.785546,0.189382932,5.53E-07,1.05E-07
-6853.231664,0.190367546,5.54E-07,1.05E-07
-6888.674954,0.191352082,5.55E-07,1.06E-07
-6924.115416,0.192336539,5.55E-07,1.07E-07
-6958.159746,0.193282215,5.56E-07,1.07E-07
-6993.594668,0.194266519,5.57E-07,1.08E-07
-7029.026765,0.195250743,5.57E-07,1.09E-07
-7064.456037,0.19623489,5.58E-07,1.09E-07
-7098.472212,0.197179784,5.59E-07,1.10E-07
-7133.89595,0.198163776,5.59E-07,1.11E-07
-7169.316866,0.199147691,5.60E-07,1.12E-07
-7204.734961,0.200131527,5.61E-07,1.12E-07
-7237.947256,0.20105409,5.61E-07,1.13E-07
-7273.359885,0.202037775,5.62E-07,1.14E-07
-7308.769693,0.20302138,5.63E-07,1.14E-07
-7344.176683,0.204004908,5.64E-07,1.15E-07
-7377.378112,0.20492717,5.64E-07,1.16E-07
-7412.779641,0.205910546,5.65E-07,1.16E-07
-7448.178353,0.206893843,5.66E-07,1.17E-07
-7483.574249,0.207877062,5.66E-07,1.18E-07
-7516.765277,0.208799035,5.67E-07,1.18E-07
-7552.155717,0.209782103,5.68E-07,1.19E-07
-7587.543343,0.210765093,5.68E-07,1.20E-07
-7622.928155,0.211748004,5.69E-07,1.20E-07
-7656.108791,0.212669689,5.70E-07,1.21E-07
-7691.488153,0.213652449,5.71E-07,1.22E-07
-7726.864703,0.214635131,5.71E-07,1.23E-07
-7762.238442,0.215617735,5.72E-07,1.23E-07
-7795.408696,0.21653913,5.73E-07,1.24E-07
-7830.776989,0.217521583,5.73E-07,1.25E-07
-7866.142474,0.218503958,5.74E-07,1.25E-07
-7901.50515,0.219486254,5.75E-07,1.26E-07
-7934.665032,0.220407362,5.76E-07,1.27E-07
-7970.022268,0.221389507,5.76E-07,1.28E-07
-8005.376697,0.222371575,5.77E-07,1.28E-07
-8040.728321,0.223353564,5.78E-07,1.29E-07
-8073.87784,0.224274384,5.79E-07,1.30E-07
-8109.224029,0.225256223,5.79E-07,1.30E-07
-8144.567414,0.226237984,5.80E-07,1.31E-07
-8179.907995,0.227219667,5.81E-07,1.32E-07
-8213.047162,0.228140199,5.82E-07,1.33E-07
-8248.382314,0.229121731,5.82E-07,1.33E-07
-8283.714664,0.230103185,5.83E-07,1.34E-07
-8319.044214,0.231084562,5.84E-07,1.35E-07
-8352.173038,0.232004807,5.85E-07,1.36E-07
-8387.497163,0.232986032,5.85E-07,1.36E-07
-8422.818489,0.23396718,5.86E-07,1.37E-07
-8458.137017,0.23494825,5.87E-07,1.38E-07
-8491.255508,0.235868209,5.88E-07,1.39E-07
-8526.568616,0.236849128,5.88E-07,1.39E-07
-8561.878929,0.23782997,5.89E-07,1.40E-07
-8597.186446,0.238810735,5.90E-07,1.41E-07
-8630.294613,0.239730406,5.91E-07,1.42E-07
-8665.596715,0.24071102,5.92E-07,1.43E-07
-8700.896025,0.241691556,5.92E-07,1.43E-07
-8736.192541,0.242672015,5.93E-07,1.44E-07
-8769.290394,0.2435914,5.94E-07,1.45E-07
-8804.581501,0.244571708,5.95E-07,1.46E-07
-8839.869817,0.245551939,5.95E-07,1.46E-07
-8875.155343,0.246532093,5.96E-07,1.47E-07
-8908.242891,0.247451191,5.97E-07,1.48E-07
-8943.523012,0.248431195,5.98E-07,1.49E-07
-8978.800345,0.249411121,5.99E-07,1.49E-07
-9014.074891,0.250390969,5.99E-07,1.50E-07
-9047.152144,0.251309782,6.00E-07,1.51E-07
-9082.42129,0.25228948,6.01E-07,1.52E-07
-9117.687651,0.253269101,6.02E-07,1.52E-07
-9152.951226,0.254248645,6.03E-07,1.53E-07
-9186.018195,0.255167172,6.04E-07,1.54E-07
-9221.276376,0.256146566,6.04E-07,1.55E-07
-9256.531774,0.257125883,6.05E-07,1.56E-07
-9291.78439,0.258105122,6.06E-07,1.56E-07
-9324.841082,0.259023363,6.07E-07,1.57E-07
-9360.088309,0.260002453,6.08E-07,1.58E-07
-9395.332755,0.260981465,6.08E-07,1.59E-07
-9430.574421,0.261960401,6.09E-07,1.60E-07
-9463.620848,0.262878357,6.10E-07,1.60E-07
-9498.857129,0.263857142,6.11E-07,1.61E-07
-9534.090633,0.264835851,6.12E-07,1.62E-07
-9569.32136,0.265814482,6.13E-07,1.63E-07
-9602.35753,0.266732154,6.13E-07,1.64E-07
-9637.582877,0.267710635,6.14E-07,1.64E-07
-9672.805449,0.26868904,6.15E-07,1.65E-07
-9708.025247,0.269667368,6.16E-07,1.66E-07
-9741.05117,0.270584755,6.17E-07,1.67E-07
-9776.265593,0.271562933,6.18E-07,1.68E-07
-9811.477244,0.272541035,6.19E-07,1.69E-07
-9846.686122,0.273519059,6.20E-07,1.70E-07
-9879.701808,0.274436161,6.20E-07,1.70E-07
-9914.905317,0.275414037,6.21E-07,1.71E-07
-9950.106056,0.276391835,6.22E-07,1.72E-07
-9985.304026,0.277369556,6.23E-07,1.73E-07
-10018.30948,0.278286374,6.24E-07,1.74E-07
-10053.50209,0.279263947,6.25E-07,1.75E-07
-10088.69193,0.280241443,6.26E-07,1.75E-07
-10123.879,0.281218861,6.27E-07,1.76E-07
-10156.87424,0.282135396,6.27E-07,1.77E-07
-10192.05595,0.283112665,6.28E-07,1.78E-07
-10227.23489,0.284089858,6.29E-07,1.79E-07
-10262.41108,0.285066974,6.30E-07,1.80E-07
-10295.39611,0.285983225,6.31E-07,1.80E-07
-10330.56694,0.286960193,6.32E-07,1.81E-07
-10365.735,0.287937083,6.33E-07,1.82E-07
-10400.9003,0.288913897,6.34E-07,1.83E-07
-10433.87514,0.289829865,6.35E-07,1.84E-07
-10469.03509,0.29080653,6.36E-07,1.85E-07
-10504.19228,0.291783119,6.36E-07,1.86E-07
-10539.34672,0.292759631,6.37E-07,1.86E-07
-10572.31136,0.293675316,6.38E-07,1.87E-07
-10607.46045,0.294651679,6.39E-07,1.88E-07
-10642.60678,0.295627966,6.40E-07,1.89E-07
-10677.75036,0.296604177,6.41E-07,1.90E-07
-10710.70482,0.297519578,6.42E-07,1.91E-07
-10745.84306,0.298495641,6.43E-07,1.92E-07
-10780.97854,0.299471626,6.44E-07,1.93E-07
-10816.11127,0.300447535,6.45E-07,1.94E-07
-10849.05556,0.301362654,6.46E-07,1.95E-07
-10884.18295,0.302338415,6.47E-07,1.96E-07
-10919.30759,0.3033141,6.48E-07,1.97E-07
-10954.42948,0.304289708,6.49E-07,1.97E-07
-10987.36361,0.305204545,6.50E-07,1.98E-07
-11022.48017,0.306180005,6.51E-07,1.99E-07
-11057.59398,0.307155388,6.52E-07,2.00E-07
-11092.70505,0.308130696,6.53E-07,2.01E-07
-11125.62902,0.309045251,6.53E-07,2.02E-07
-11160.73476,0.31002041,6.54E-07,2.03E-07
-11195.83775,0.310995493,6.55E-07,2.04E-07
-11230.93799,0.3119705,6.56E-07,2.05E-07
-11263.85183,0.312884773,6.57E-07,2.06E-07
-11298.94675,0.313859632,6.58E-07,2.07E-07
-11334.03893,0.314834415,6.59E-07,2.07E-07
-11369.12836,0.315809121,6.60E-07,2.08E-07
-11402.03206,0.316723113,6.61E-07,2.09E-07
-11437.11618,0.317697672,6.62E-07,2.10E-07
-11472.19756,0.318672154,6.63E-07,2.11E-07
-11507.2762,0.319646561,6.64E-07,2.12E-07
-11540.16977,0.320560271,6.65E-07,2.13E-07
-11575.2431,0.321534531,6.66E-07,2.14E-07
-11610.31369,0.322508714,6.67E-07,2.15E-07
-11645.38154,0.323482821,6.68E-07,2.16E-07
-11678.265,0.32439625,6.69E-07,2.17E-07
-11713.32754,0.325370209,6.70E-07,2.18E-07
-11748.38735,0.326344093,6.71E-07,2.19E-07
-11783.44442,0.327317901,6.73E-07,2.20E-07
-11816.31777,0.328231049,6.73E-07,2.21E-07
-11851.36954,0.329204709,6.75E-07,2.22E-07
-11886.41858,0.330178294,6.76E-07,2.23E-07
-11921.46488,0.331151802,6.77E-07,2.24E-07
-11954.32814,0.332064671,6.78E-07,2.25E-07
-11989.36914,0.333038032,6.79E-07,2.26E-07
-12024.40742,0.334011317,6.80E-07,2.27E-07
-12059.44296,0.334984527,6.81E-07,2.28E-07
-12092.29613,0.335897115,6.82E-07,2.29E-07
-12127.32639,0.336870178,6.83E-07,2.30E-07
-12162.35391,0.337843164,6.84E-07,2.31E-07
-12197.3787,0.338816075,6.85E-07,2.32E-07
-12230.2218,0.339728383,6.86E-07,2.33E-07
-12265.24131,0.340701148,6.87E-07,2.34E-07
-12300.25809,0.341673836,6.88E-07,2.35E-07
-12335.27214,0.342646448,6.89E-07,2.36E-07
-12368.10517,0.343558477,6.90E-07,2.37E-07
-12403.11395,0.344530943,6.92E-07,2.38E-07
-12438.12,0.345503333,6.93E-07,2.39E-07
-12473.12332,0.346475648,6.94E-07,2.40E-07
-12505.94629,0.347387397,6.95E-07,2.41E-07
-12540.94434,0.348359565,6.96E-07,2.42E-07
-12575.93967,0.349331658,6.97E-07,2.43E-07
-12610.93228,0.350303674,6.98E-07,2.45E-07
-12643.7452,0.351215144,6.99E-07,2.45E-07
-12678.73253,0.352187015,7.00E-07,2.47E-07
-12713.71715,0.35315881,7.02E-07,2.48E-07
-12748.69905,0.354130529,7.03E-07,2.49E-07
-12781.50192,0.35504172,7.04E-07,2.50E-07
-12816.47856,0.356013293,7.05E-07,2.51E-07
-12851.45247,0.356984791,7.06E-07,2.52E-07
-12886.42367,0.357956213,7.07E-07,2.53E-07
-12919.21652,0.358867126,7.08E-07,2.54E-07
-12954.18245,0.359838401,7.09E-07,2.55E-07
-12989.14568,0.360809602,7.11E-07,2.57E-07
-13024.10619,0.361780728,7.12E-07,2.58E-07
-13056.88901,0.362691361,7.13E-07,2.59E-07
-13091.84426,0.363662341,7.14E-07,2.60E-07
-13126.7968,0.364633244,7.15E-07,2.61E-07
-13161.74663,0.365604073,7.16E-07,2.62E-07
-13194.51945,0.366514429,7.18E-07,2.63E-07
-13229.46402,0.367485112,7.19E-07,2.64E-07
-13264.40589,0.368455719,7.20E-07,2.65E-07
-13299.34505,0.369426251,7.21E-07,2.66E-07
-13332.10786,0.370336329,7.22E-07,2.67E-07
-13367.04177,0.371306716,7.24E-07,2.69E-07
-13401.97298,0.372277027,7.25E-07,2.70E-07
-13436.90148,0.373247263,7.26E-07,2.71E-07
-13469.65429,0.374157064,7.27E-07,2.72E-07
-13504.57755,0.375127154,7.28E-07,2.73E-07
-13539.4981,0.376097169,7.30E-07,2.75E-07
-13574.41595,0.37706711,7.31E-07,2.76E-07
-13607.15877,0.377976633,7.32E-07,2.77E-07
-13642.07139,0.378946428,7.33E-07,2.78E-07
-13676.9813,0.379916147,7.34E-07,2.79E-07
-13711.8885,0.380885792,7.36E-07,2.80E-07
-13744.62135,0.381795038,7.37E-07,2.81E-07
-13779.52333,0.382764537,7.38E-07,2.82E-07
-13814.42261,0.383733961,7.39E-07,2.84E-07
-13849.31918,0.384703311,7.41E-07,2.85E-07
-13881.93807,0.385609391,7.42E-07,2.86E-07
-13916.82943,0.386578595,7.43E-07,2.87E-07
-13951.71809,0.387547725,7.44E-07,2.88E-07
-13986.60406,0.388516779,7.46E-07,2.90E-07
-14018.79042,0.389410845,7.47E-07,2.91E-07
-14053.6712,0.390379756,7.48E-07,2.92E-07
-14088.54928,0.391348591,7.49E-07,2.93E-07
-14123.42468,0.392317352,7.51E-07,2.95E-07
-14155.60128,0.393211147,7.52E-07,2.96E-07
-14190.4715,0.394179764,7.53E-07,2.97E-07
-14225.33902,0.395148306,7.55E-07,2.98E-07
-14260.20386,0.396116774,7.56E-07,2.99E-07
-14292.37072,0.397010298,7.57E-07,3.01E-07
-14327.23038,0.397978622,7.58E-07,3.02E-07
-14362.08735,0.398946871,7.60E-07,3.03E-07
-14396.94163,0.399915045,7.61E-07,3.04E-07
-14429.09876,0.400808299,7.62E-07,3.05E-07
-14463.94787,0.40177633,7.64E-07,3.07E-07
-14498.7943,0.402744286,7.65E-07,3.08E-07
-14533.63803,0.403712168,7.66E-07,3.09E-07
-14565.78544,0.404605151,7.68E-07,3.11E-07
-14600.62401,0.405572889,7.69E-07,3.12E-07
-14635.4599,0.406540553,7.70E-07,3.13E-07
-14670.29311,0.407508142,7.72E-07,3.15E-07
-14702.4308,0.408400856,7.73E-07,3.16E-07
-14737.25884,0.409368301,7.74E-07,3.17E-07
-14772.08421,0.410335673,7.76E-07,3.18E-07
-14806.90689,0.411302969,7.77E-07,3.20E-07
-14839.03487,0.412195413,7.78E-07,3.21E-07
-14873.8524,0.413162567,7.80E-07,3.22E-07
-14908.66725,0.414129646,7.81E-07,3.23E-07
-14943.47942,0.415096651,7.83E-07,3.25E-07
-14975.5977,0.415988825,7.84E-07,3.26E-07
-15010.40472,0.416955687,7.85E-07,3.27E-07
-15045.20906,0.417922474,7.87E-07,3.29E-07
-15080.01073,0.418889187,7.88E-07,3.30E-07
-15112.11932,0.419781092,7.89E-07,3.31E-07
-15146.91584,0.420747662,7.91E-07,3.33E-07
-15181.70969,0.421714158,7.92E-07,3.34E-07
-15216.50086,0.422680579,7.94E-07,3.36E-07
-15248.59977,0.423572216,7.95E-07,3.37E-07
-15283.3858,0.424538494,7.97E-07,3.38E-07
-15318.16916,0.425504699,7.98E-07,3.40E-07
-15352.94984,0.426470829,7.99E-07,3.41E-07
-15385.03908,0.427362197,8.01E-07,3.42E-07
-15419.81463,0.428328184,8.02E-07,3.44E-07
-15454.58751,0.429294098,8.04E-07,3.45E-07
-15489.35772,0.430259937,8.05E-07,3.46E-07
-15521.4373,0.431151036,8.07E-07,3.48E-07
-15556.20238,0.432116733,8.08E-07,3.49E-07
-15590.96479,0.433082355,8.10E-07,3.51E-07
-15625.72453,0.434047904,8.11E-07,3.52E-07
-15657.79445,0.434938735,8.12E-07,3.53E-07
-15692.54907,0.435904141,8.14E-07,3.55E-07
-15727.30102,0.436869473,8.15E-07,3.56E-07
-15762.05031,0.437834731,8.17E-07,3.58E-07
-15794.11058,0.438725294,8.18E-07,3.59E-07
-15828.85475,0.43969041,8.20E-07,3.61E-07
-15863.59625,0.440655451,8.21E-07,3.62E-07
-15898.33509,0.441620419,8.23E-07,3.63E-07
-15930.38573,0.442510715,8.24E-07,3.65E-07
-15965.11945,0.44347554,8.26E-07,3.66E-07
-15999.85051,0.444440292,8.27E-07,3.68E-07
-16034.57892,0.44540497,8.29E-07,3.69E-07
-16066.61993,0.446294998,8.30E-07,3.70E-07
-16101.34322,0.447259534,8.32E-07,3.72E-07
-16136.06385,0.448223996,8.34E-07,3.74E-07
-16170.78182,0.449188384,8.35E-07,3.75E-07
-16202.81321,0.450078145,8.37E-07,3.77E-07
-16237.52608,0.451042391,8.38E-07,3.78E-07
-16272.23629,0.452006564,8.40E-07,3.80E-07
-16306.94384,0.452970662,8.41E-07,3.81E-07
-16338.96562,0.453860156,8.43E-07,3.83E-07
-16373.66807,0.454824113,8.44E-07,3.84E-07
-16408.36787,0.455787996,8.46E-07,3.86E-07
-16443.06501,0.456751806,8.48E-07,3.87E-07
-16475.07719,0.457641033,8.49E-07,3.89E-07
-16509.76924,0.458604701,8.51E-07,3.90E-07
-16544.45863,0.459568295,8.52E-07,3.92E-07
-16579.14538,0.460531816,8.54E-07,3.93E-07
-16611.14796,0.461420777,8.56E-07,3.95E-07
-16645.82961,0.462384156,8.57E-07,3.96E-07
-16680.50861,0.463347461,8.59E-07,3.98E-07
-16715.18496,0.464310693,8.61E-07,4.00E-07
-16747.17796,0.465199388,8.62E-07,4.01E-07
-16781.84922,0.466162478,8.64E-07,4.03E-07
-16816.51784,0.467125496,8.65E-07,4.04E-07
-16851.18381,0.468088439,8.67E-07,4.06E-07
-16883.16723,0.468976868,8.69E-07,4.08E-07
-16917.82812,0.46993967,8.70E-07,4.09E-07
-16952.48636,0.470902399,8.72E-07,4.11E-07
-16987.14196,0.471865054,8.74E-07,4.12E-07
-17019.11582,0.472753217,8.75E-07,4.14E-07
-17053.76633,0.473715731,8.77E-07,4.15E-07
-17088.41421,0.474678173,8.79E-07,4.17E-07
-17123.05945,0.47564054,8.81E-07,4.19E-07
-17155.02374,0.476528437,8.82E-07,4.20E-07
-17189.6639,0.477490664,8.84E-07,4.22E-07
-17224.30142,0.478452817,8.86E-07,4.24E-07
-17258.93631,0.479414898,8.87E-07,4.25E-07
-17290.89105,0.480302529,8.89E-07,4.27E-07
-17325.52086,0.481264468,8.91E-07,4.29E-07
-17360.14803,0.482226334,8.93E-07,4.31E-07
-17394.77257,0.483188127,8.94E-07,4.32E-07
-17426.71777,0.484075494,8.96E-07,4.34E-07
-17461.33724,0.485037146,8.98E-07,4.36E-07
-17495.95408,0.485998724,9.00E-07,4.37E-07
-17530.56828,0.48696023,9.01E-07,4.39E-07
-17562.50395,0.487847332,9.03E-07,4.41E-07
-17597.11309,0.488808697,9.05E-07,4.42E-07
-17631.7196,0.489769989,9.07E-07,4.44E-07
-17666.32348,0.490731208,9.08E-07,4.46E-07
-17698.24962,0.491618045,9.10E-07,4.47E-07
-17732.84844,0.492579123,9.12E-07,4.49E-07
-17767.44463,0.493540129,9.14E-07,4.51E-07
-17802.03819,0.494501061,9.16E-07,4.53E-07
-17833.95481,0.495387634,9.17E-07,4.54E-07
-17868.54332,0.496348426,9.19E-07,4.56E-07
-17903.1292,0.497309144,9.21E-07,4.58E-07
-17937.71245,0.49826979,9.23E-07,4.60E-07
-17969.61956,0.499156099,9.25E-07,4.62E-07
-18004.19777,0.500116605,9.27E-07,4.64E-07
-18038.77335,0.501077038,9.29E-07,4.66E-07
-18073.3463,0.502037397,9.30E-07,4.67E-07
-18105.24392,0.502923442,9.32E-07,4.69E-07
-18139.81183,0.503883662,9.34E-07,4.71E-07
-18174.37712,0.504843809,9.36E-07,4.73E-07
-18208.93978,0.505803883,9.38E-07,4.74E-07
-18240.82791,0.506689664,9.40E-07,4.76E-07
-18275.38553,0.507649598,9.42E-07,4.78E-07
-18309.94054,0.508609459,9.44E-07,4.80E-07
-18344.49292,0.509569248,9.46E-07,4.82E-07
-18376.37156,0.510454766,9.47E-07,4.83E-07
-18410.91892,0.511414414,9.49E-07,4.85E-07
-18445.46365,0.51237399,9.51E-07,4.87E-07
-18480.00576,0.513333493,9.53E-07,4.89E-07
-18511.87493,0.514218748,9.55E-07,4.91E-07
-18546.41201,0.515178111,9.57E-07,4.93E-07
-18580.94648,0.516137402,9.59E-07,4.95E-07
-18615.47834,0.517096621,9.61E-07,4.97E-07
-18647.33804,0.517981612,9.63E-07,4.99E-07
-18681.86486,0.518940691,9.65E-07,5.01E-07
-18716.38908,0.519899697,9.67E-07,5.03E-07
-18750.91068,0.52085863,9.69E-07,5.05E-07
-18782.76092,0.521743359,9.71E-07,5.07E-07
-18817.2775,0.522702153,9.73E-07,5.09E-07
-18851.79147,0.523660874,9.75E-07,5.11E-07
-18886.30283,0.524619523,9.77E-07,5.13E-07
-18918.14362,0.525503989,9.79E-07,5.14E-07
-18952.64996,0.526462499,9.81E-07,5.16E-07
-18987.15369,0.527420936,9.83E-07,5.18E-07
-19021.65482,0.528379301,9.85E-07,5.20E-07
-19053.48617,0.529263505,9.87E-07,5.22E-07
-19087.98228,0.53022173,9.89E-07,5.24E-07
-19122.47579,0.531179883,9.91E-07,5.26E-07
-19156.96669,0.532137964,9.93E-07,5.28E-07
-19188.7886,0.533021906,9.95E-07,5.30E-07
-19223.27449,0.533979847,9.97E-07,5.32E-07
-19257.75778,0.534937716,1.00E-06,5.35E-07
-19292.23847,0.535895513,1.00E-06,5.36E-07
-19324.05096,0.536779193,1.00E-06,5.37E-07
-19358.52664,0.537736851,1.01E-06,5.43E-07
-19392.99972,0.538694437,1.01E-06,5.44E-07
-19427.47019,0.53965195,1.01E-06,5.45E-07
-19459.27327,0.540535369,1.01E-06,5.46E-07
-19493.73875,0.541492743,1.01E-06,5.47E-07
-19528.20163,0.542450045,1.02E-06,5.53E-07
-19562.6619,0.543407275,1.02E-06,5.54E-07
-19594.45558,0.544290433,1.02E-06,5.55E-07
-19628.91086,0.545247524,1.02E-06,5.56E-07
-19663.36355,0.546204543,1.03E-06,5.63E-07
-19697.81364,0.54716149,1.03E-06,5.64E-07
-19729.59791,0.548044386,1.03E-06,5.64E-07
-19764.04301,0.549001195,1.03E-06,5.65E-07
-19798.48551,0.549957931,1.03E-06,5.66E-07
-19832.92542,0.550914595,1.04E-06,5.73E-07
-19864.7003,0.551797231,1.04E-06,5.74E-07
-19899.13523,0.552753756,1.04E-06,5.75E-07
-19933.56756,0.55371021,1.04E-06,5.76E-07
-19967.9973,0.554666592,1.05E-06,5.82E-07
-19999.7628,0.555548967,1.05E-06,5.83E-07
-20034.18755,0.55650521,1.05E-06,5.84E-07
-20068.60972,0.557461381,1.05E-06,5.85E-07
-20103.0293,0.558417481,1.05E-06,5.86E-07
-20134.78542,0.559299595,1.06E-06,5.93E-07
-20169.20003,0.560255556,1.06E-06,5.94E-07
-20203.61204,0.561211446,1.06E-06,5.95E-07
-20238.02146,0.562167263,1.06E-06,5.96E-07
-20269.76822,0.563049117,1.07E-06,6.02E-07
-20304.17267,0.564004796,1.07E-06,6.03E-07
-20338.57454,0.564960404,1.07E-06,6.05E-07
-20372.97382,0.565915939,1.07E-06,6.06E-07
-20404.71122,0.566797534,1.08E-06,6.12E-07
-20439.10554,0.567752932,1.08E-06,6.13E-07
-20473.49726,0.568708257,1.08E-06,6.14E-07
-20507.88641,0.569663511,1.08E-06,6.15E-07
-20539.61446,0.570544846,1.08E-06,6.16E-07
-20573.99865,0.571499963,1.09E-06,6.23E-07
-20608.38025,0.572455007,1.09E-06,6.24E-07
-20642.75927,0.57340998,1.09E-06,6.25E-07
-20674.00102,0.574277806,1.09E-06,6.26E-07
-20708.37511,0.575232642,1.10E-06,6.33E-07
-20742.74663,0.576187406,1.10E-06,6.34E-07
-20777.11557,0.577142099,1.10E-06,6.35E-07
-20808.14694,0.578004082,1.10E-06,6.36E-07
-20842.51097,0.578958638,1.11E-06,6.43E-07
-20876.87243,0.579913123,1.11E-06,6.44E-07
-20911.23131,0.580867536,1.11E-06,6.45E-07
-20942.2536,0.581729267,1.11E-06,6.46E-07
-20976.60758,0.582683544,1.12E-06,6.53E-07
-21010.95899,0.58363775,1.12E-06,6.54E-07
-21045.30783,0.584591884,1.12E-06,6.55E-07
-21076.32104,0.585453362,1.12E-06,6.56E-07
-21110.66498,0.586407361,1.13E-06,6.63E-07
-21145.00635,0.587361288,1.13E-06,6.64E-07
-21179.34514,0.588315143,1.13E-06,6.65E-07
-21210.34929,0.589176369,1.13E-06,6.66E-07
-21244.6832,0.590130089,1.14E-06,6.73E-07
-21279.01453,0.591083737,1.14E-06,6.74E-07
-21313.34329,0.592037314,1.14E-06,6.75E-07
-21347.66949,0.592990819,1.14E-06,6.76E-07
-21378.66227,0.59385173,1.15E-06,6.83E-07
-21412.98358,0.594805099,1.15E-06,6.84E-07
-21447.30232,0.595758398,1.15E-06,6.85E-07
-21481.61849,0.596711625,1.15E-06,6.86E-07
-21512.60223,0.597572284,1.16E-06,6.93E-07
-21546.91352,0.598525376,1.16E-06,6.94E-07
-21581.22225,0.599478396,1.16E-06,6.95E-07
-21615.52841,0.600431345,1.17E-06,7.03E-07
-21646.50311,0.601291753,1.17E-06,7.04E-07
-21680.8044,0.602244567,1.17E-06,7.05E-07
-21715.10312,0.603197309,1.17E-06,7.06E-07
-21749.39928,0.60414998,1.18E-06,7.13E-07
-21780.36495,0.605010138,1.18E-06,7.14E-07
-21814.65624,0.605962673,1.18E-06,7.15E-07
-21848.94497,0.606915138,1.18E-06,7.16E-07
-21883.23113,0.607867531,1.19E-06,7.23E-07
-21914.18778,0.608727438,1.19E-06,7.24E-07
-21948.46908,0.609679697,1.19E-06,7.26E-07
-21982.74782,0.610631884,1.19E-06,7.27E-07
-22017.024,0.611584,1.20E-06,7.34E-07
-22047.97164,0.612443657,1.20E-06,7.35E-07
-22082.24296,0.613395638,1.20E-06,7.36E-07
-22116.51172,0.614347548,1.21E-06,7.43E-07
-22150.77793,0.615299387,1.21E-06,7.45E-07
-22181.71655,0.616158793,1.21E-06,7.46E-07
-22215.9779,0.617110497,1.21E-06,7.47E-07
-22250.23669,0.61806213,1.22E-06,7.54E-07
-22284.49293,0.619013693,1.22E-06,7.55E-07
-22315.42256,0.619872849,1.22E-06,7.56E-07
-22349.67394,0.620824276,1.23E-06,7.64E-07
-22383.92278,0.621775633,1.23E-06,7.65E-07
-22418.16906,0.622726918,1.23E-06,7.66E-07
-22449.0897,0.623585825,1.23E-06,7.67E-07
-22483.33113,0.624536976,1.24E-06,7.74E-07
-22517.57001,0.625488056,1.24E-06,7.76E-07
-22551.80634,0.626439065,1.24E-06,7.77E-07
-22582.71799,0.627297722,1.25E-06,7.84E-07
-22616.94948,0.628248597,1.25E-06,7.85E-07
-22651.17841,0.6291994,1.25E-06,7.86E-07
-22685.4048,0.630150133,1.25E-06,7.88E-07
-22716.30749,0.631008541,1.26E-06,7.95E-07
-22750.52903,0.63195914,1.26E-06,7.96E-07
-22784.74803,0.632909668,1.26E-06,7.97E-07
-22818.96449,0.633860125,1.27E-06,8.05E-07
-22849.85821,0.634718284,1.27E-06,8.06E-07
-22884.06982,0.635668606,1.27E-06,8.07E-07
-22918.2789,0.636618858,1.28E-06,8.15E-07
-22952.48543,0.63756904,1.28E-06,8.16E-07
-22983.37019,0.63842695,1.28E-06,8.17E-07
-23017.57189,0.639376997,1.28E-06,8.18E-07
-23051.77105,0.640326974,1.29E-06,8.26E-07
-23085.96766,0.641276879,1.29E-06,8.27E-07
-23116.84347,0.642134541,1.29E-06,8.28E-07
-23151.03526,0.643084313,1.30E-06,8.36E-07
-23185.22451,0.644034014,1.30E-06,8.37E-07
-23219.41122,0.644983645,1.30E-06,8.38E-07
-23250.27808,0.645841058,1.31E-06,8.46E-07
-23284.45996,0.646790554,1.31E-06,8.47E-07
-23318.63931,0.647739981,1.31E-06,8.49E-07
-23352.81613,0.648689337,1.32E-06,8.56E-07
-23383.67405,0.649546501,1.32E-06,8.57E-07
-23417.84604,0.650495723,1.32E-06,8.59E-07
-23452.0155,0.651444875,1.33E-06,8.66E-07
-23482.86678,0.652301855,1.33E-06,8.68E-07
-23517.03142,0.653250873,1.33E-06,8.69E-07
-23551.19353,0.65419982,1.34E-06,8.77E-07
-23585.3531,0.655148697,1.34E-06,8.78E-07
-23616.19546,0.656005429,1.34E-06,8.79E-07
-23650.35022,0.656954173,1.34E-06,8.80E-07
-23684.50245,0.657902846,1.35E-06,8.88E-07
-23718.65215,0.658851449,1.35E-06,8.89E-07
-23749.4856,0.659707933,1.35E-06,8.91E-07
-23783.63048,0.660656402,1.36E-06,8.98E-07
-23817.77284,0.661604801,1.36E-06,9.00E-07
-23851.91268,0.66255313,1.36E-06,9.01E-07
-23882.73722,0.663409367,1.37E-06,9.09E-07
-23916.87224,0.664357562,1.37E-06,9.10E-07
-23951.00475,0.665305688,1.37E-06,9.11E-07
-23985.13472,0.666253742,1.38E-06,9.19E-07
-24015.95036,0.667109732,1.38E-06,9.21E-07
-24050.07554,0.668057654,1.38E-06,9.22E-07
-24084.19819,0.669005505,1.39E-06,9.30E-07
-24118.31831,0.669953286,1.39E-06,9.31E-07
-24149.12506,0.670809029,1.40E-06,9.39E-07
-24183.24039,0.671756678,1.40E-06,9.40E-07
-24217.3532,0.672704256,1.40E-06,9.42E-07
-24251.46349,0.673651764,1.41E-06,9.50E-07
-24282.26135,0.67450726,1.41E-06,9.51E-07
-24316.36684,0.675454634,1.41E-06,9.52E-07
-24350.46982,0.676401939,1.42E-06,9.60E-07
-24384.57027,0.677349174,1.42E-06,9.62E-07
-24415.35926,0.678204424,1.42E-06,9.63E-07
-24449.45493,0.679151526,1.43E-06,9.71E-07
-24483.54808,0.680098558,1.43E-06,9.73E-07
-24517.63871,0.68104552,1.43E-06,9.74E-07
-24548.41883,0.681900523,1.44E-06,9.82E-07
-24582.50467,0.682847352,1.44E-06,9.83E-07
-24616.58801,0.683794111,1.44E-06,9.85E-07
-24650.66882,0.684740801,1.45E-06,9.93E-07
-24681.44008,0.685595558,1.45E-06,9.94E-07
-24715.51612,0.686542114,1.46E-06,1.00E-06
-24749.58964,0.687488601,1.46E-06,1.00E-06
-24783.66065,0.688435018,1.46E-06,1.01E-06
-24814.42306,0.689289529,1.47E-06,1.01E-06
-24848.48929,0.690235814,1.47E-06,1.01E-06
-24882.55301,0.691182028,1.47E-06,1.02E-06
-24916.61423,0.692128173,1.48E-06,1.02E-06
-24947.36779,0.692982439,1.48E-06,1.03E-06
-24981.42423,0.693928451,1.49E-06,1.03E-06
-25015.47816,0.694874393,1.49E-06,1.04E-06
-25049.52958,0.695820266,1.49E-06,1.04E-06
-25080.27431,0.696674286,1.50E-06,1.05E-06
-25114.32096,0.697620027,1.50E-06,1.05E-06
-25148.36511,0.698565698,1.50E-06,1.05E-06
-25182.40675,0.699511299,1.51E-06,1.06E-06
-25213.14264,0.700365073,1.51E-06,1.06E-06
-25247.17952,0.701310542,1.52E-06,1.07E-06
-25281.21389,0.702255941,1.52E-06,1.07E-06
-25315.24576,0.703201271,1.52E-06,1.07E-06
-25345.97283,0.704054801,1.53E-06,1.08E-06
-25379.99994,0.704999998,1.53E-06,1.08E-06
-25414.02455,0.705945126,1.54E-06,1.09E-06
-25448.04665,0.706890185,1.54E-06,1.09E-06
-25478.76491,0.70774347,1.54E-06,1.09E-06
-25512.78226,0.708688396,1.55E-06,1.10E-06
-25546.7971,0.709633253,1.55E-06,1.10E-06
-25580.80945,0.71057804,1.56E-06,1.11E-06
-25611.5189,0.711431081,1.56E-06,1.11E-06
-25645.5265,0.712375736,1.56E-06,1.11E-06
-25679.5316,0.713320322,1.57E-06,1.12E-06
-25713.5342,0.714264839,1.57E-06,1.12E-06
-25744.23485,0.715117635,1.58E-06,1.13E-06
-25778.2327,0.716062019,1.58E-06,1.13E-06
-25812.22806,0.717006335,1.58E-06,1.13E-06
-25846.22092,0.717950581,1.59E-06,1.14E-06
-25876.91278,0.718803133,1.59E-06,1.14E-06
-25910.9009,0.719747247,1.60E-06,1.15E-06
-25944.88652,0.720691292,1.60E-06,1.15E-06
-25978.86965,0.721635268,1.61E-06,1.16E-06
-26009.55273,0.722487576,1.61E-06,1.16E-06
-26043.53112,0.72343142,1.61E-06,1.16E-06
-26077.50702,0.724375195,1.62E-06,1.17E-06
-26111.48043,0.725318901,1.62E-06,1.18E-06
-26142.15472,0.726170964,1.63E-06,1.18E-06
-26176.1234,0.727114539,1.63E-06,1.19E-06
-26210.08958,0.728058044,1.63E-06,1.19E-06
-26244.05327,0.72900148,1.64E-06,1.20E-06
-26274.7188,0.7298533,1.64E-06,1.20E-06
-26308.67777,0.730796605,1.65E-06,1.21E-06
-26342.63424,0.73173984,1.65E-06,1.21E-06
-26376.58823,0.732683006,1.66E-06,1.22E-06
-26407.245,0.733534583,1.66E-06,1.22E-06
-26441.19426,0.734477618,1.67E-06,1.23E-06
-26475.14103,0.735420584,1.67E-06,1.23E-06
-26509.08532,0.736363481,1.67E-06,1.23E-06
-26539.73334,0.737214815,1.68E-06,1.24E-06
-26573.6729,0.738157581,1.68E-06,1.2401E-06
-26607.60999,0.739100278,1.69E-06,1.25E-06
-26641.54459,0.740042905,1.69E-06,1.25E-06
-26675.47671,0.740985464,1.70E-06,1.26E-06
-26706.11374,0.741836493,1.70E-06,1.26E-06
-26740.04114,0.742778921,1.71E-06,1.27E-06
-26773.96606,0.743721279,1.71E-06,1.27E-06
-26807.8885,0.744663569,1.72E-06,1.28E-06
-26838.51679,0.745514355,1.72E-06,1.28E-06
-26872.43452,0.746456514,1.72E-06,1.28E-06
-26906.34977,0.747398605,1.73E-06,1.29E-06
-26940.26254,0.748340626,1.73E-06,1.29E-06
-26970.8821,0.749191169,1.74E-06,1.30E-06
-27004.79016,0.75013306,1.74E-06,1.31E-06
-27038.69574,0.751074882,1.75E-06,1.31E-06
-27072.59885,0.752016635,1.75E-06,1.32E-06
-27103.20969,0.752866936,1.76E-06,1.33E-06
-27137.10809,0.753808558,1.76E-06,1.33E-06
-27171.00402,0.754750112,1.77E-06,1.34E-06
-27204.89748,0.755691597,1.77E-06,1.34E-06
-27235.4996,0.756541656,1.78E-06,1.35E-06
-27269.38835,0.75748301,1.78E-06,1.35E-06
-27303.27463,0.758424295,1.79E-06,1.36E-06
-27337.15844,0.759365512,1.79E-06,1.36E-06
-27367.24049,0.760201125,1.80E-06,1.37E-06
-27401.11964,0.761142212,1.80E-06,1.37E-06
-27434.99632,0.762083231,1.81E-06,1.38E-06
-27468.87053,0.763024181,1.81E-06,1.38E-06
-27498.68769,0.763852436,1.81E-06,1.38E-06
-27532.55726,0.764793257,1.82E-06,1.39E-06
-27566.42437,0.76573401,1.83E-06,1.40E-06
-27596.23527,0.766562091,1.83E-06,1.40E-06
-27630.09774,0.767502715,1.83E-06,1.40E-06
-27663.95774,0.768443271,1.84E-06,1.41E-06
-27697.81528,0.769383758,1.85E-06,1.42E-06
-27727.61776,0.770211604,1.85E-06,1.42E-06
-27761.47067,0.771151963,1.85E-06,1.43E-06
-27795.32111,0.772092253,1.86E-06,1.44E-06
-27829.16908,0.773032474,1.87E-06,1.45E-06
-27858.96316,0.773860088,1.87E-06,1.45E-06
-27892.80651,0.774800181,1.88E-06,1.46E-06
-27926.64739,0.775740205,1.88E-06,1.46E-06
-27960.48582,0.776680162,1.89E-06,1.47E-06
-27990.27149,0.777507541,1.89E-06,1.47E-06
-28024.10529,0.778447369,1.90E-06,1.48E-06
-28057.93663,0.779387129,1.90E-06,1.48E-06
-28091.76551,0.78032682,1.91E-06,1.49E-06
-28121.54278,0.781153966,1.91E-06,1.49E-06
-28155.36704,0.782093529,1.92E-06,1.50E-06
-28189.18885,0.783033024,1.92E-06,1.50E-06
-28223.00819,0.78397245,1.93E-06,1.51E-06
-28252.77707,0.784799363,1.93E-06,1.51E-06
-28286.5918,0.785738661,1.94E-06,1.52E-06
-28320.40408,0.786677891,1.94E-06,1.53E-06
-28354.2139,0.787617053,1.95E-06,1.54E-06
-28383.97439,0.788443733,1.95E-06,1.54E-06
-28417.7796,0.789382767,1.96E-06,1.55E-06
-28451.58235,0.790321732,1.97E-06,1.56E-06
-28485.38265,0.791260629,1.97E-06,1.56E-06
-28515.13477,0.792087077,1.98E-06,1.57E-06
-28548.93046,0.793025846,1.98E-06,1.57E-06
-28582.7237,0.793964547,1.99E-06,1.58E-06
-28616.51449,0.79490318,1.99E-06,1.58E-06
-28646.25824,0.795729396,2.00E-06,1.59E-06
-28680.04442,0.796667901,2.00E-06,1.59E-06
-28713.82816,0.797606338,2.01E-06,1.60E-06
-28747.60945,0.798544707,2.02E-06,1.61E-06
-28777.34483,0.79937069,2.02E-06,1.61E-06
-28811.12152,0.800308931,2.03E-06,1.62E-06
-28844.89576,0.801247104,2.03E-06,1.63E-06
-28878.66755,0.80218521,2.04E-06,1.64E-06
-28912.4369,0.803123247,2.05E-06,1.65E-06
-28942.16177,0.803948938,2.05E-06,1.65E-06
-28975.92652,0.804886848,2.06E-06,1.66E-06
-29009.68883,0.80582469,2.06E-06,1.66E-06
-29043.44869,0.806762464,2.07E-06,1.67E-06
-29073.16521,0.807587923,2.07E-06,1.67E-06
-29106.92048,0.808525569,2.08E-06,1.68E-06
-29140.67331,0.809463148,2.09E-06,1.69E-06
-29174.4237,0.810400658,2.09E-06,1.69E-06
-29204.13188,0.811225886,2.10E-06,1.70E-06
-29237.87768,0.812163269,2.10E-06,1.71E-06
-29271.62104,0.813100584,2.11E-06,1.72E-06
-29305.36196,0.814037832,2.12E-06,1.73E-06
-29335.0618,0.814862828,2.12E-06,1.73E-06
-29368.79814,0.815799948,2.13E-06,1.74E-06
-29402.53203,0.816737001,2.13E-06,1.74E-06
-29436.26349,0.817673986,2.14E-06,1.75E-06
-29465.95501,0.81849875,2.15E-06,1.76E-06
-29499.68189,0.819435608,2.15E-06,1.76E-06
-29533.40633,0.820372398,2.16E-06,1.77E-06
-29567.12833,0.82130912,2.16E-06,1.77E-06
-29596.81153,0.822133654,2.17E-06,1.78E-06
-29630.52896,0.823070249,2.18E-06,1.79E-06
-29664.24395,0.824006776,2.18E-06,1.80E-06
-29697.95651,0.824943236,2.19E-06,1.81E-06
-29727.6314,0.825767539,2.20E-06,1.82E-06
-29761.33939,0.826703872,2.20E-06,1.82E-06
-29795.04494,0.827640137,2.21E-06,1.83E-06
-29828.74807,0.828576335,2.22E-06,1.84E-06
-29858.41465,0.829400407,2.22E-06,1.84E-06
-29892.1132,0.830336478,2.23E-06,1.85E-06
-29925.80933,0.831272481,2.23E-06,1.85E-06
-29959.50302,0.832208417,2.24E-06,1.86E-06
-29989.16131,0.833032259,2.25E-06,1.87E-06
-30022.85043,0.833968068,2.25E-06,1.88E-06
-30056.53713,0.834903809,2.26E-06,1.89E-06
-30090.2214,0.835839483,2.27E-06,1.90E-06
-30119.8714,0.836663094,2.27E-06,1.90E-06
-30153.55111,0.837598642,2.28E-06,1.91E-06
-30187.22839,0.838534122,2.29E-06,1.92E-06
-30220.90325,0.839469535,2.29E-06,1.92E-06
-30250.54496,0.840292916,2.30E-06,1.93E-06
-30284.21526,0.841228202,2.31E-06,1.94E-06
-30317.88314,0.842163421,2.31E-06,1.95E-06
-30351.54859,0.843098572,2.32E-06,1.96E-06
-30381.18203,0.843921723,2.33E-06,1.97E-06
-30414.84292,0.844856748,2.33E-06,1.97E-06
-30448.5014,0.845791706,2.34E-06,1.98E-06
-30482.15746,0.846726596,2.35E-06,1.99E-06
-30511.78262,0.847549517,2.35E-06,1.99E-06
-30545.43412,0.848484281,2.36E-06,2.00E-06
-30579.08321,0.849418978,2.37E-06,2.01E-06
-30612.72988,0.850353608,2.38E-06,2.02E-06
-30642.34677,0.851176299,2.38E-06,2.03E-06
-30675.98889,0.852110803,2.39E-06,2.04E-06
-30709.62859,0.853045239,2.40E-06,2.05E-06
-30743.26588,0.853979608,2.40E-06,2.05E-06
-30772.87452,0.85480207,2.41E-06,2.06E-06
-30806.50726,0.855736313,2.42E-06,2.07E-06
-30840.13759,0.856670489,2.43E-06,2.08E-06
-30869.7401,0.857492781,2.43E-06,2.08E-06
-30903.36589,0.85842683,2.44E-06,2.09E-06
-30936.98926,0.859360813,2.45E-06,2.11E-06
-30970.61022,0.860294728,2.45E-06,2.11E-06
-31000.20449,0.861116791,2.46E-06,2.12E-06
-31033.82091,0.862050581,2.47E-06,2.13E-06
-31067.43492,0.862984303,2.48E-06,2.14E-06
-31101.04652,0.863917959,2.48E-06,2.14E-06
-31130.63255,0.864739793,2.49E-06,2.15E-06
-31164.23961,0.865673323,2.50E-06,2.16E-06
-31197.84427,0.866606785,2.51E-06,2.18E-06
-31231.44651,0.867540181,2.51E-06,2.18E-06
-31261.02431,0.868361786,2.52E-06,2.19E-06
-31294.62203,0.869295056,2.53E-06,2.20E-06
-31328.21734,0.870228259,2.54E-06,2.21E-06
-31361.81024,0.871161396,2.54E-06,2.21E-06
-31391.37982,0.871982773,2.55E-06,2.22E-06
-31424.96819,0.872915783,2.56E-06,2.23E-06
-31458.55416,0.873848727,2.57E-06,2.25E-06
-31492.13772,0.874781603,2.57E-06,2.25E-06
-31521.69908,0.875602752,2.58E-06,2.26E-06
-31555.27812,0.876535503,2.59E-06,2.27E-06
-31588.85476,0.877468188,2.60E-06,2.28E-06
-31622.429,0.878400806,2.61E-06,2.29E-06
-31651.98215,0.879221726,2.61E-06,2.29E-06
-31685.55186,0.880154218,2.62E-06,2.31E-06
-31719.11918,0.881086644,2.63E-06,2.32E-06
-31752.68409,0.882019003,2.64E-06,2.33E-06
-31782.22903,0.882839695,2.64E-06,2.33E-06
-31815.78943,0.883771929,2.65E-06,2.34E-06
-31849.34743,0.884704095,2.66E-06,2.35E-06
-31882.90303,0.885636195,2.67E-06,2.36E-06
-31912.43978,0.886456661,2.68E-06,2.38E-06
-31945.99087,0.887388635,2.69E-06,2.39E-06
-31979.53956,0.888320543,2.69E-06,2.39E-06
-32013.08585,0.889252385,2.70E-06,2.40E-06
-32042.61441,0.890072623,2.71E-06,2.41E-06
-32076.1562,0.891004339,2.72E-06,2.42E-06
-32109.69559,0.891935989,2.73E-06,2.43E-06
-32143.23259,0.892867572,2.74E-06,2.45E-06
-32172.75296,0.893687582,2.74E-06,2.45E-06
-32206.28545,0.89461904,2.75E-06,2.46E-06
-32239.81555,0.895550432,2.76E-06,2.47E-06
-32273.34326,0.896481757,2.77E-06,2.48E-06
-32302.85546,0.897301541,2.78E-06,2.49E-06
-32336.37866,0.898232741,2.79E-06,2.51E-06
-32369.89948,0.899163874,2.79E-06,2.51E-06
-32403.4179,0.900094942,2.80E-06,2.52E-06
-32432.92193,0.900914498,2.81E-06,2.53E-06
-32466.43585,0.90184544,2.82E-06,2.54E-06
-32499.94739,0.902776316,2.83E-06,2.55E-06
-32533.45654,0.903707126,2.84E-06,2.57E-06
-32562.9524,0.904526456,2.85E-06,2.58E-06
-32596.45706,0.905457141,2.85E-06,2.58E-06
-32629.95933,0.906387759,2.86E-06,2.59E-06
-32663.45921,0.907318311,2.87E-06,2.60E-06
-32692.94692,0.908137414,2.88E-06,2.62E-06
-32726.44231,0.909067842,2.89E-06,2.63E-06
-32759.93532,0.909998203,2.90E-06,2.64E-06
-32793.42594,0.910928498,2.91E-06,2.65E-06
-32822.9055,0.911747375,2.92E-06,2.66E-06
-32856.39163,0.912677545,2.93E-06,2.67E-06
-32889.87539,0.91360765,2.94E-06,2.69E-06
-32923.35676,0.914537688,2.94E-06,2.69E-06
-32952.82817,0.915356338,2.95E-06,2.70E-06
-32986.30506,0.916286252,2.96E-06,2.71E-06
-33019.77957,0.917216099,2.97E-06,2.72E-06
-33053.25169,0.91814588,2.98E-06,2.74E-06
-33082.71497,0.918964305,2.99E-06,2.75E-06
-33116.18262,0.919893962,3.00E-06,2.76E-06
-33149.64789,0.920823553,3.01E-06,2.77E-06
-33183.11078,0.921753077,3.02E-06,2.78E-06
-33212.56593,0.922571276,3.03E-06,2.80E-06
-33246.02434,0.923500676,3.04E-06,2.81E-06
-33279.48038,0.924430011,3.05E-06,2.82E-06
-33312.93404,0.925359279,3.06E-06,2.83E-06
-33342.38107,0.926177252,3.07E-06,2.84E-06
-33375.83026,0.927106396,3.08E-06,2.86E-06
-33409.27707,0.928035474,3.09E-06,2.87E-06
-33442.72151,0.928964486,3.10E-06,2.88E-06
-33472.16042,0.929782234,3.10E-06,2.88E-06
-33505.6004,0.930711122,3.11E-06,2.89E-06
-33539.038,0.931639944,3.12E-06,2.91E-06
-33572.47322,0.932568701,3.13E-06,2.92E-06
-33601.90402,0.933386223,3.14E-06,2.93E-06
-33635.33479,0.934314855,3.15E-06,2.94E-06
-33668.76318,0.935243422,3.16E-06,2.96E-06
-33702.1892,0.936171922,3.17E-06,2.97E-06
-33731.6119,0.936989219,3.18E-06,2.98E-06
-33765.03346,0.937917596,3.19E-06,2.99E-06
-33798.45265,0.938845907,3.20E-06,3.00E-06
-33831.86947,0.939774152,3.21E-06,3.02E-06
-33861.28407,0.940591224,3.22E-06,3.03E-06
-33894.69644,0.941519346,3.23E-06,3.04E-06
-33928.10643,0.942447401,3.24E-06,3.05E-06
-33961.51406,0.943375391,3.26E-06,3.08E-06
-33990.92058,0.944192238,3.26E-06,3.08E-06
-34024.32376,0.945120104,3.28E-06,3.10E-06
-34057.72457,0.946047905,3.29E-06,3.11E-06
-34091.12302,0.946975639,3.30E-06,3.13E-06
-34120.52145,0.947792263,3.31E-06,3.14E-06
-34153.91545,0.948719874,3.32E-06,3.15E-06
-34187.30708,0.949647419,3.33E-06,3.16E-06
-34220.69635,0.950574899,3.34E-06,3.17E-06
-34250.08671,0.951391298,3.35E-06,3.19E-06
-34283.47154,0.952318654,3.36E-06,3.20E-06
-34316.854,0.953245944,3.37E-06,3.21E-06
-34350.23411,0.95417317,3.38E-06,3.23E-06
-34379.6164,0.954989344,3.39E-06,3.24E-06
-34412.99206,0.955916446,3.40E-06,3.25E-06
-34446.36536,0.956843482,3.41E-06,3.26E-06
-34479.7363,0.957770453,3.43E-06,3.29E-06
-34509.11053,0.958586404,3.44E-06,3.30E-06
-34542.47703,0.959513251,3.45E-06,3.31E-06
-34575.84118,0.960440033,3.46E-06,3.32E-06
-34609.20297,0.961366749,3.47E-06,3.34E-06
-34638.56914,0.962182476,3.48E-06,3.35E-06
-34671.92649,0.963109069,3.49E-06,3.36E-06
-34705.28149,0.964035597,3.50E-06,3.37E-06
-34738.63414,0.964962059,3.51E-06,3.39E-06
-34767.99226,0.965777563,3.53E-06,3.41E-06
-34801.34047,0.966703902,3.54E-06,3.42E-06
-34834.68633,0.967630176,3.55E-06,3.44E-06
-34868.02984,0.968556384,3.56E-06,3.45E-06
-34897.37992,0.969371664,3.57E-06,3.46E-06
-34930.719,0.97029775,3.58E-06,3.47E-06
-34964.05572,0.97122377,3.59E-06,3.49E-06
-34997.3901,0.972149725,3.61E-06,3.51E-06
-35026.73214,0.972964782,3.62E-06,3.52E-06
-35060.06209,0.973890614,3.63E-06,3.54E-06
-35093.38969,0.97481638,3.64E-06,3.55E-06
-35126.71495,0.975742082,3.65E-06,3.56E-06
-35156.04896,0.976556916,3.66E-06,3.57E-06
-35189.36979,0.977482494,3.68E-06,3.60E-06
-35222.68828,0.978408008,3.69E-06,3.61E-06
-35256.00441,0.979333456,3.70E-06,3.62E-06
-35285.33041,0.980148067,3.71E-06,3.64E-06
-35318.64213,0.981073393,3.72E-06,3.65E-06
-35351.9515,0.981998653,3.74E-06,3.67E-06
-35385.25853,0.982923848,3.75E-06,3.69E-06
-35414.5765,0.983738236,3.76E-06,3.70E-06
-35447.87912,0.984663309,3.77E-06,3.71E-06
-35481.17939,0.985588316,3.79E-06,3.74E-06
-35514.47732,0.986513259,3.80E-06,3.75E-06
-35543.78729,0.987327425,3.81E-06,3.76E-06
-35577.08081,0.988252245,3.82E-06,3.78E-06
-35610.37198,0.989176999,3.84E-06,3.80E-06
-35643.66082,0.990101689,3.85E-06,3.81E-06
-35672.96278,0.990915633,3.86E-06,3.82E-06
-35706.24721,0.9918402,3.87E-06,3.84E-06
-35739.5293,0.992764703,3.89E-06,3.86E-06
-35772.80905,0.99368914,3.90E-06,3.88E-06
-35802.10301,0.994502861,3.91E-06,3.89E-06
-35835.37836,0.995427177,3.92E-06,3.90E-06
-35868.65137,0.996351427,3.94E-06,3.93E-06
-35901.92204,0.997275612,3.95E-06,3.94E-06
-35931.20802,0.998089112,3.96E-06,3.95E-06
-35964.47429,0.999013175,3.98E-06,3.98E-06
-35997.73823,0.999937173,3.99E-06,3.99E-06
-36030.99983,1.000861106,4.00E-06,4.00E-06
-36060.27782,1.001674384,4.02E-06,4.03E-06
-36093.53503,1.002598195,4.03E-06,4.04E-06
-36126.7899,1.003521942,4.04E-06,4.05E-06
-36160.04243,1.004445623,4.06E-06,4.08E-06
-36189.31245,1.005258679,4.07E-06,4.09E-06
-36222.56059,1.006182239,4.08E-06,4.11E-06
-36255.80641,1.007105734,4.10E-06,4.13E-06
-36289.04989,1.008029164,4.11E-06,4.14E-06
-36318.31193,1.008841998,4.12E-06,4.16E-06
-36351.55103,1.009765306,4.14E-06,4.18E-06
-36384.78779,1.01068855,4.15E-06,4.19E-06
-36418.02222,1.011611728,4.17E-06,4.22E-06
-36451.25432,1.012534842,4.18E-06,4.23E-06
-36480.50635,1.013347399,4.19E-06,4.25E-06
-36513.73407,1.014270391,4.21E-06,4.27E-06
-36546.95946,1.015193318,4.22E-06,4.28E-06
-36580.18252,1.016116181,4.24E-06,4.31E-06
-36609.4266,1.016928517,4.25E-06,4.32E-06
-36642.64528,1.017851258,4.26E-06,4.34E-06
-36675.86164,1.018773934,4.28E-06,4.36E-06
-36709.07567,1.019696546,4.29E-06,4.37E-06
-36738.31179,1.020508661,4.31E-06,4.40E-06
-36771.52145,1.021431151,4.32E-06,4.41E-06
-36804.72878,1.022353577,4.34E-06,4.44E-06
-36837.93378,1.023275938,4.35E-06,4.45E-06
-36867.16196,1.024087832,4.36E-06,4.47E-06
-36900.3626,1.025010072,4.38E-06,4.49E-06
-36933.56091,1.025932248,4.39E-06,4.50E-06
-36966.7569,1.026854358,4.41E-06,4.53E-06
-36995.97714,1.027666032,4.42E-06,4.54E-06
-37029.16876,1.028588021,4.44E-06,4.57E-06
-37062.35806,1.029509946,4.45E-06,4.58E-06
-37095.54504,1.030431807,4.47E-06,4.61E-06
-37124.75736,1.03124326,4.48E-06,4.62E-06
-37157.93997,1.032164999,4.50E-06,4.64E-06
-37191.12026,1.033086674,4.51E-06,4.66E-06
-37224.29824,1.034008284,4.53E-06,4.68E-06
-37253.50263,1.034819518,4.54E-06,4.70E-06
-37286.67625,1.035741007,4.56E-06,4.72E-06
-37319.84755,1.036662432,4.57E-06,4.74E-06
-37353.01653,1.037583793,4.59E-06,4.76E-06
-37382.213,1.038394806,4.60E-06,4.78E-06
-37415.37763,1.039316045,4.62E-06,4.80E-06
-37448.53993,1.04023722,4.64E-06,4.83E-06
-37481.69992,1.041158331,4.65E-06,4.84E-06
-37510.88849,1.041969125,4.67E-06,4.87E-06
-37544.04413,1.042890115,4.68E-06,4.88E-06
-37577.19745,1.04381104,4.70E-06,4.91E-06
-37610.34847,1.044731902,4.72E-06,4.93E-06
-37639.52913,1.045542476,4.73E-06,4.95E-06
-37672.67579,1.046463216,4.75E-06,4.97E-06
-37705.82014,1.047383893,4.76E-06,4.99E-06
-37734.99494,1.048194304,4.78E-06,5.01E-06
-37768.13494,1.049114859,4.80E-06,5.04E-06
-37801.27263,1.050035351,4.81E-06,5.05E-06
-37834.40802,1.050955778,4.83E-06,5.08E-06
-37863.57492,1.05176597,4.84E-06,5.09E-06
-37896.70596,1.052686277,4.86E-06,5.12E-06
-37929.83469,1.053606519,4.88E-06,5.14E-06
-37962.96111,1.054526698,4.90E-06,5.17E-06
-37992.12013,1.05533667,4.91E-06,5.18E-06
-38025.24221,1.056256728,4.93E-06,5.21E-06
-38058.36199,1.057176722,4.95E-06,5.23E-06
-38091.47945,1.058096651,4.96E-06,5.25E-06
-38120.63059,1.058906405,4.98E-06,5.27E-06
-38153.74373,1.059826215,5.00E-06,5.30E-06
-38186.85455,1.06074596,5.01E-06,5.31E-06
-38219.96307,1.061665641,5.03E-06,5.34E-06
-38249.10634,1.062475176,5.05E-06,5.37E-06
-38282.21053,1.063394737,5.06E-06,5.38E-06
-38315.31242,1.064314234,5.08E-06,5.41E-06
-38348.412,1.065233667,5.10E-06,5.43E-06
-38377.5474,1.066042983,5.12E-06,5.46E-06
-38410.64265,1.066962296,5.13E-06,5.47E-06
-38443.7356,1.067881544,5.15E-06,5.50E-06
-38476.82625,1.068800729,5.17E-06,5.53E-06
-38505.95379,1.069609828,5.19E-06,5.55E-06
-38539.04012,1.070528892,5.21E-06,5.58E-06
-38572.12414,1.071447893,5.22E-06,5.59E-06
-38605.20587,1.07236683,5.24E-06,5.62E-06
-38634.32555,1.07317571,5.26E-06,5.64E-06
-38667.40296,1.074094527,5.28E-06,5.67E-06
-38700.47806,1.075013279,5.30E-06,5.70E-06
-38733.55087,1.075931969,5.32E-06,5.72E-06
-38762.66271,1.076740631,5.33E-06,5.74E-06
-38795.7312,1.0776592,5.35E-06,5.77E-06
-38828.79739,1.078577705,5.37E-06,5.79E-06
-38861.86129,1.079496147,5.39E-06,5.82E-06
-38890.96529,1.080304591,5.41E-06,5.84E-06
-38924.02487,1.081222913,5.43E-06,5.87E-06
-38957.08216,1.082141171,5.44E-06,5.89E-06
-38990.13716,1.083059366,5.46E-06,5.91E-06
-39019.23332,1.083867592,5.48E-06,5.94E-06
-39052.284,1.084785667,5.50E-06,5.97E-06
-39085.33239,1.085703678,5.52E-06,5.99E-06
-39118.37849,1.086621625,5.54E-06,6.02E-06
-39147.46682,1.087429634,5.56E-06,6.05E-06
-39180.50862,1.088347462,5.58E-06,6.07E-06
-39213.54812,1.089265226,5.60E-06,6.10E-06
-39246.58533,1.090182926,5.62E-06,6.13E-06
-39275.66584,1.090990718,5.64E-06,6.15E-06
-39308.69875,1.091908299,5.66E-06,6.18E-06
-39341.72936,1.092825816,5.68E-06,6.21E-06
-39374.7577,1.093743269,5.70E-06,6.23E-06
-39403.83039,1.094550844,5.71E-06,6.25E-06
-39436.85442,1.095468178,5.74E-06,6.29E-06
-39469.87616,1.096385449,5.76E-06,6.32E-06
-39502.89562,1.097302656,5.78E-06,6.34E-06
-39531.96049,1.098110014,5.79E-06,6.36E-06
-39564.97565,1.099027101,5.82E-06,6.40E-06
-39597.98853,1.099944126,5.84E-06,6.42E-06
-39630.99912,1.100861087,5.86E-06,6.45E-06
-39660.05619,1.101668228,5.88E-06,6.48E-06
-39693.06249,1.102585069,5.90E-06,6.51E-06
-39726.0665,1.103501847,5.92E-06,6.53E-06
-39759.06823,1.104418562,5.94E-06,6.56E-06
-39788.11751,1.105225486,5.96E-06,6.59E-06
-39821.11495,1.106142082,5.98E-06,6.61E-06
-39854.11011,1.107058614,6.00E-06,6.64E-06
-39887.10299,1.107975083,6.02E-06,6.67E-06
-39916.14447,1.108781791,6.04E-06,6.70E-06
-39949.13306,1.109698141,6.07E-06,6.74E-06
-39982.11937,1.110614427,6.09E-06,6.76E-06
-40015.1034,1.11153065,6.11E-06,6.79E-06
-40044.13711,1.112337142,6.13E-06,6.82E-06
-40077.11685,1.113253246,6.15E-06,6.85E-06
-40110.09432,1.114169287,6.17E-06,6.87E-06
-40143.06952,1.115085264,6.20E-06,6.91E-06
-40172.09544,1.11589154,6.22E-06,6.94E-06
