P_Ac_in (W),Charge Aging cost (€ct/kWh),Cap_Loss_CH [p.u./HalfCycle],,P_Ac_out,Discharge Aging cost (€ct/kWh),Cap_Loss_DCH [p.u./HalfCycle]
0,0.166205382,4.55357E-07,,0,0.116066496,3.18E-07
-36,0.166205382,4.55357E-07,,36,0.116066496,3.18E-07
-72,0.166205382,4.55357E-07,,72,0.116066496,3.18E-07
-108,0.166205382,4.55357E-07,,108,0.116066496,3.18E-07
-144,0.166205382,4.55357E-07,,144,0.116066496,3.18E-07
-180,0.166205382,4.55357E-07,,180,0.116066496,3.18E-07
-216,0.166205382,4.55357E-07,,216,0.116066496,3.18E-07
-252,0.166205382,4.55357E-07,,252,0.116066496,3.18E-07
-288,0.166205382,4.55357E-07,,288,0.116066496,3.18E-07
-324,0.16634545,4.55741E-07,,324,0.116066496,3.18E-07
-360,0.166485924,4.56126E-07,,360,0.116066496,3.18E-07
-396,0.166626807,4.56512E-07,,396,0.116066496,3.18E-07
-432,0.166762255,4.56883E-07,,432,0.116066496,3.18E-07
-468,0.16690394,4.57271E-07,,468,0.116066496,3.18E-07
-504,0.167046038,4.5766E-07,,504,0.116066496,3.18E-07
-540,0.167188548,4.58051E-07,,540,0.116066496,3.18E-07
-576,0.16732631,4.58428E-07,,576,0.116066496,3.18E-07
-612,0.167469636,4.58821E-07,,612,0.116066496,3.18E-07
-648,0.167613378,4.59215E-07,,648,0.116066496,3.18E-07
-684,0.167757539,4.5961E-07,,684,0.116066496,3.18E-07
-720,0.167901717,4.60005E-07,,720,0.116066496,3.18E-07
-756,0.168046717,4.60402E-07,,756,0.116066496,3.18E-07
-792,0.168192139,4.608E-07,,792,0.116066496,3.18E-07
-828,0.168337985,4.612E-07,,828,0.116066496,3.18E-07
-864,0.168483849,4.616E-07,,864,0.116066496,3.18E-07
-900,0.168630545,4.62001E-07,,900,0.116066496,3.18E-07
-936,0.168777668,4.62405E-07,,936,0.116066496,3.18E-07
-972,0.16892522,4.62809E-07,,972,0.116066496,3.18E-07
-1008,0.169072791,4.63213E-07,,1008,0.116066496,3.18E-07
-1044,0.169221203,4.6362E-07,,1044,0.116066496,3.18E-07
-1080,0.169370049,4.64028E-07,,1080,0.116066496,3.18E-07
-1116,0.169519329,4.64437E-07,,1116,0.116066496,3.18E-07
-1152,0.169668629,4.64846E-07,,1152,0.116066496,3.18E-07
-1188,0.16981878,4.65257E-07,,1188,0.116066496,3.18E-07
-1224,0.16996937,4.6567E-07,,1224,0.116066496,3.18E-07
-1260,0.1701204,4.66083E-07,,1260,0.116066496,3.18E-07
-1296,0.170270011,4.66493E-07,,1296,0.116066496,3.18E-07
-1332,0.170421919,4.66909E-07,,1332,0.116066496,3.18E-07
-1368,0.170574271,4.67327E-07,,1368,0.116066496,3.18E-07
-1404,0.170727069,4.67745E-07,,1404,0.116066496,3.18E-07
-1440,0.170876242,4.68154E-07,,1440,0.116066496,3.18E-07
-1476,0.171029922,4.68575E-07,,1476,0.116066496,3.18E-07
-1512,0.171184053,4.68997E-07,,1512,0.116066496,3.18E-07
-1548,0.171338635,4.69421E-07,,1548,0.116066496,3.18E-07
-1584,0.171489549,4.69834E-07,,1584,0.116066496,3.18E-07
-1620,0.171645025,4.7026E-07,,1620,0.116066496,3.18E-07
-1656,0.171800956,4.70688E-07,,1656,0.116066496,3.18E-07
-1692,0.171957344,4.71116E-07,,1692,0.116066496,3.18E-07
-1728,0.172110023,4.71534E-07,,1728,0.116066496,3.18E-07
-1764,0.172267317,4.71965E-07,,1764,0.116066496,3.18E-07
-1800,0.172425072,4.72397E-07,,1800,0.116066496,3.18E-07
-1836,0.172583289,4.72831E-07,,1836,0.116066496,3.18E-07
-1872,0.172737754,4.73254E-07,,1872,0.116066496,3.18E-07
-1908,0.172896889,4.7369E-07,,1908,0.116066496,3.18E-07
-1944,0.17305649,4.74127E-07,,1944,0.116066496,3.18E-07
-1980,0.17321656,4.74566E-07,,1980,0.116066496,3.18E-07
-2016,0.173372834,4.74994E-07,,2016,0.116066496,3.18E-07
-2052,0.173533833,4.75435E-07,,2052,0.116066496,3.18E-07
-2088,0.173695305,4.75878E-07,,2088,0.116066496,3.18E-07
-2124,0.173857252,4.76321E-07,,2124,0.116066496,3.18E-07
-2160,0.174015358,4.76754E-07,,2160,0.116066496,3.18E-07
-2196,0.174178245,4.77201E-07,,2196,0.116066496,3.18E-07
-2232,0.174341611,4.77648E-07,,2232,0.116066496,3.18E-07
-2268,0.174505457,4.78097E-07,,2268,0.116066496,3.18E-07
-2304,0.174665419,4.78535E-07,,2304,0.116066496,3.18E-07
-2340,0.174830218,4.78987E-07,,2340,0.116066496,3.18E-07
-2376,0.174995502,4.7944E-07,,2376,0.116066496,3.18E-07
-2412,0.175161273,4.79894E-07,,2412,0.116066496,3.18E-07
-2448,0.175323114,4.80337E-07,,2448,0.116066496,3.18E-07
-2484,0.17548985,4.80794E-07,,2484,0.116066496,3.18E-07
-2520,0.175657077,4.81252E-07,,2520,0.116066496,3.18E-07
-2556,0.175824796,4.81712E-07,,2556,0.116066496,3.18E-07
-2592,0.17598854,4.8216E-07,,2592,0.116066496,3.18E-07
-2628,0.176157237,4.82623E-07,,2628,0.116066496,3.18E-07
-2664,0.176326432,4.83086E-07,,2664,0.116066496,3.18E-07
-2700,0.176496125,4.83551E-07,,2700,0.116066496,3.18E-07
-2736,0.176661797,4.84005E-07,,2736,0.116066496,3.18E-07
-2772,0.17683248,4.84473E-07,,2772,0.116066496,3.18E-07
-2808,0.177003667,4.84942E-07,,2808,0.116066496,3.18E-07
-2844,0.17717536,4.85412E-07,,2844,0.116066496,3.18E-07
-2880,0.177342984,4.85871E-07,,2880,0.116066496,3.18E-07
-2916,0.177515679,4.86344E-07,,2916,0.116066496,3.18E-07
-2952,0.177688885,4.86819E-07,,2952,0.116066496,3.18E-07
-2988,0.177862602,4.87295E-07,,2988,0.116066496,3.18E-07
-3024,0.178032204,4.87759E-07,,3024,0.116066496,3.18E-07
-3060,0.178206936,4.88238E-07,,3060,0.116066496,3.18E-07
-3096,0.178382186,4.88718E-07,,3096,0.116066496,3.18E-07
-3132,0.178557954,4.892E-07,,3132,0.116066496,3.18E-07
-3168,0.178729558,4.8967E-07,,3168,0.116066496,3.18E-07
-3204,0.178906355,4.90154E-07,,3204,0.116066496,3.18E-07
-3240,0.179083675,4.9064E-07,,3240,0.116066496,3.18E-07
-3276,0.179261521,4.91127E-07,,3276,0.116066496,3.18E-07
-3312,0.179435154,4.91603E-07,,3312,0.116066496,3.18E-07
-3348,0.179614041,4.92093E-07,,3348,0.116066496,3.18E-07
-3384,0.179793458,4.92585E-07,,3384,0.116066496,3.18E-07
-3420,0.179973408,4.93078E-07,,3420,0.116066496,3.18E-07
-3456,0.180149095,4.93559E-07,,3456,0.116066496,3.18E-07
-3492,0.1803301,4.94055E-07,,3492,0.116066496,3.18E-07
-3528,0.180511641,4.94552E-07,,3528,0.116066496,3.18E-07
-3564,0.180693722,4.95051E-07,,3564,0.116066496,3.18E-07
-3600,0.180871491,4.95538E-07,,3600,0.116066496,3.18E-07
-3636,0.18105464,4.9604E-07,,3636,0.116066496,3.18E-07
-3672,0.181238333,4.96543E-07,,3672,0.116066496,3.18E-07
-3708,0.181422573,4.97048E-07,,3708,0.116066496,3.18E-07
-3744,0.181602449,4.97541E-07,,3744,0.116066496,3.18E-07
-3780,0.181787771,4.98049E-07,,3780,0.116066496,3.18E-07
-3816,0.181973644,4.98558E-07,,3816,0.116066496,3.18E-07
-3852,0.18216007,4.99069E-07,,3852,0.116066496,3.18E-07
-3888,0.182342082,4.99567E-07,,3888,0.116066496,3.18E-07
-3924,0.182529605,5.00081E-07,,3924,0.116066496,3.18E-07
-3960,0.182717686,5.00596E-07,,3960,0.116066496,3.18E-07
-3996,0.182906327,5.01113E-07,,3996,0.116066496,3.18E-07
-4032,0.183089961,5.01616E-07,,4032,0.116066496,3.18E-07
-4068,0.183279711,5.02136E-07,,4068,0.116066496,3.18E-07
-4104,0.183470027,5.02658E-07,,4104,0.116066496,3.18E-07
-4140,0.18366091,5.03181E-07,,4140,0.116066496,3.18E-07
-4176,0.183844824,5.03684E-07,,4176,0.116066496,3.18E-07
-4212,0.184036825,5.0421E-07,,4212,0.116066496,3.18E-07
-4248,0.184229399,5.04738E-07,,4248,0.116066496,3.18E-07
-4284,0.184422548,5.05267E-07,,4284,0.116066496,3.18E-07
-4320,0.184608645,5.05777E-07,,4320,0.116066496,3.18E-07
-4356,0.184802926,5.06309E-07,,4356,0.116066496,3.18E-07
-4392,0.184997787,5.06843E-07,,4392,0.116066496,3.18E-07
-4428,0.185193231,5.07379E-07,,4428,0.116066496,3.18E-07
-4464,0.18538154,5.07895E-07,,4464,0.116066496,3.18E-07
-4500,0.185578131,5.08433E-07,,4500,0.116066496,3.18E-07
-4536,0.185775309,5.08973E-07,,4536,0.116066496,3.18E-07
-4572,0.185973077,5.09515E-07,,4572,0.116066496,3.18E-07
-4608,0.186163627,5.10037E-07,,4608,0.116066496,3.18E-07
-4644,0.186362557,5.10582E-07,,4644,0.116066496,3.18E-07
-4680,0.186562083,5.11129E-07,,4680,0.116066496,3.18E-07
-4716,0.186762207,5.11677E-07,,4716,0.116066496,3.18E-07
-4752,0.186955026,5.12206E-07,,4752,0.116066496,3.18E-07
-4788,0.187156327,5.12757E-07,,4788,0.116066496,3.18E-07
-4824,0.18735823,5.1331E-07,,4824,0.116066496,3.18E-07
-4860,0.187560739,5.13865E-07,,4860,0.116066496,3.18E-07
-4896,0.187755858,5.144E-07,,4896,0.116066496,3.18E-07
-4932,0.18795956,5.14958E-07,,4932,0.116066496,3.18E-07
-4968,0.188163872,5.15517E-07,,4968,0.116066496,3.18E-07
-5004,0.188368798,5.16079E-07,,5004,0.116066496,3.18E-07
-5040,0.188566246,5.1662E-07,,5040,0.116066496,3.18E-07
-5076,0.18877238,5.17185E-07,,5076,0.116066496,3.18E-07
-5112,0.188979134,5.17751E-07,,5112,0.116066496,3.18E-07
-5148,0.189186508,5.18319E-07,,5148,0.116066496,3.18E-07
-5184,0.189386316,5.18867E-07,,5184,0.116066496,3.18E-07
-5220,0.189594914,5.19438E-07,,5220,0.116066496,3.18E-07
-5256,0.18980414,5.20011E-07,,5256,0.116066496,3.18E-07
-5292,0.190013995,5.20586E-07,,5292,0.116066496,3.18E-07
-5328,0.190216193,5.2114E-07,,5328,0.116066496,3.18E-07
-5364,0.190427288,5.21719E-07,,5364,0.116066496,3.18E-07
-5400,0.190639019,5.22299E-07,,5400,0.116066496,3.18E-07
-5436,0.190851387,5.22881E-07,,5436,0.116066496,3.18E-07
-5472,0.191056007,5.23441E-07,,5472,0.116066496,3.18E-07
-5508,0.191269632,5.24026E-07,,5508,0.116066496,3.18E-07
-5544,0.1914839,5.24613E-07,,5544,0.116066496,3.18E-07
-5580,0.191698814,5.25202E-07,,5580,0.116066496,3.18E-07
-5616,0.191905888,5.2577E-07,,5616,0.116066496,3.18E-07
-5652,0.192122075,5.26362E-07,,5652,0.116066496,3.18E-07
-5688,0.192338914,5.26956E-07,,5688,0.116066496,3.18E-07
-5724,0.192556408,5.27552E-07,,5724,0.116066496,3.18E-07
-5760,0.192765969,5.28126E-07,,5760,0.116066496,3.18E-07
-5796,0.192984752,5.28725E-07,,5796,0.116066496,3.18E-07
-5832,0.193204196,5.29327E-07,,5832,0.116066496,3.18E-07
-5868,0.193424303,5.2993E-07,,5868,0.116066496,3.18E-07
-5904,0.193636383,5.30511E-07,,5904,0.116066496,3.18E-07
-5940,0.193857797,5.31117E-07,,5940,0.116066496,3.18E-07
-5976,0.19407988,5.31726E-07,,5976,0.116066496,3.18E-07
-6012,0.194302636,5.32336E-07,,6012,0.116066496,3.18E-07
-6048,0.194517267,5.32924E-07,,6048,0.116066496,3.18E-07
-6084,0.194741346,5.33538E-07,,6084,0.116066496,3.18E-07
-6120,0.194966104,5.34154E-07,,6120,0.116066496,3.18E-07
-6156,0.195191542,5.34771E-07,,6156,0.116066496,3.18E-07
-6192,0.19540876,5.35366E-07,,6192,0.116066496,3.18E-07
-6228,0.195635539,5.35988E-07,,6228,0.116066496,3.18E-07
-6264,0.195863007,5.36611E-07,,6264,0.116066496,3.18E-07
-6300,0.196091163,5.37236E-07,,6300,0.116066496,3.18E-07
-6336,0.196311001,5.37838E-07,,6336,0.116066496,3.18E-07
-6372,0.196540517,5.38467E-07,,6372,0.116066496,3.18E-07
-6408,0.19677073,5.39098E-07,,6408,0.116066496,3.18E-07
-6444,0.197001641,5.39731E-07,,6444,0.116066496,3.18E-07
-6480,0.197224134,5.4034E-07,,6480,0.116066496,3.18E-07
-6516,0.197456422,5.40976E-07,,6516,0.116066496,3.18E-07
-6552,0.197689416,5.41615E-07,,6552,0.116066496,3.18E-07
-6588,0.197923119,5.42255E-07,,6588,0.116066496,3.18E-07
-6624,0.198148302,5.42872E-07,,6624,0.116066496,3.18E-07
-6660,0.1983834,5.43516E-07,,6660,0.116066496,3.18E-07
-6696,0.198619213,5.44162E-07,,6696,0.116066496,3.18E-07
-6732,0.198855743,5.4481E-07,,6732,0.116066496,3.18E-07
-6768,0.199083652,5.45435E-07,,6768,0.116066496,3.18E-07
-6804,0.199321597,5.46087E-07,,6804,0.116066496,3.18E-07
-6840,0.199560266,5.4674E-07,,6840,0.116066496,3.18E-07
-6876,0.199799663,5.47396E-07,,6876,0.116066496,3.18E-07
-6912,0.200030334,5.48028E-07,,6912,0.116066496,3.18E-07
-6948,0.200271163,5.48688E-07,,6948,0.116066496,3.18E-07
-6984,0.200512727,5.4935E-07,,6984,0.116066496,3.18E-07
-7020,0.200755027,5.50014E-07,,7020,0.116066496,3.18E-07
-7056,0.200988497,5.50653E-07,,7056,0.116066496,3.18E-07
-7092,0.20123225,5.51321E-07,,7092,0.116066496,3.18E-07
-7128,0.201476747,5.51991E-07,,7128,0.116066496,3.18E-07
-7164,0.20172199,5.52663E-07,,7164,0.116066496,3.18E-07
-7200,0.201958296,5.5331E-07,,7200,0.116066496,3.18E-07
-7236,0.202205011,5.53986E-07,,7236,0.116066496,3.18E-07
-7272,0.20245248,5.54664E-07,,7272,0.116066496,3.18E-07
-7308,0.202700706,5.55344E-07,,7308,0.116066496,3.18E-07
-7344,0.202939886,5.56E-07,,7344,0.116066496,3.18E-07
-7380,0.203189603,5.56684E-07,,7380,0.116066496,3.18E-07
-7416,0.203440084,5.5737E-07,,7416,0.116066496,3.18E-07
-7452,0.203691332,5.58058E-07,,7452,0.116066496,3.18E-07
-7488,0.203933301,5.58721E-07,,7488,0.116066496,3.18E-07
-7524,0.20418606,5.59414E-07,,7524,0.116066496,3.18E-07
-7560,0.204439593,5.60108E-07,,7560,0.116066496,3.18E-07
-7596,0.204693903,5.60805E-07,,7596,0.116066496,3.18E-07
-7632,0.204933101,5.61461E-07,,7632,0.116066496,3.18E-07
-7668,0.205188925,5.62161E-07,,7668,0.116066496,3.18E-07
-7704,0.205445533,5.62864E-07,,7704,0.116066496,3.18E-07
-7740,0.205702929,5.6357E-07,,7740,0.116066496,3.18E-07
-7776,0.205945027,5.64233E-07,,7776,0.116066496,3.18E-07
-7812,0.206203957,5.64942E-07,,7812,0.116066496,3.18E-07
-7848,0.206463681,5.65654E-07,,7848,0.116066496,3.18E-07
-7884,0.206724204,5.66368E-07,,7884,0.116066496,3.18E-07
-7920,0.206969245,5.67039E-07,,7920,0.116066496,3.18E-07
-7956,0.207231322,5.67757E-07,,7956,0.116066496,3.18E-07
-7992,0.207494204,5.68477E-07,,7992,0.116066496,3.18E-07
-8028,0.207757896,5.692E-07,,8028,0.116066496,3.18E-07
-8064,0.208005918,5.69879E-07,,8064,0.116066496,3.18E-07
-8100,0.208271185,5.70606E-07,,8100,0.116066496,3.18E-07
-8136,0.208537268,5.71335E-07,,8136,0.116066496,3.18E-07
-8172,0.208804171,5.72066E-07,,8172,0.116066496,3.18E-07
-8208,0.209055214,5.72754E-07,,8208,0.116066496,3.18E-07
-8244,0.209323714,5.7349E-07,,8244,0.116066496,3.18E-07
-8280,0.20959304,5.74228E-07,,8280,0.116066496,3.18E-07
-8316,0.209863198,5.74968E-07,,8316,0.116066496,3.18E-07
-8352,0.210117303,5.75664E-07,,8352,0.116066496,3.18E-07
-8388,0.210389078,5.76408E-07,,8388,0.116066496,3.18E-07
-8424,0.210661692,5.77155E-07,,8424,0.116066496,3.18E-07
-8460,0.210935148,5.77905E-07,,8460,0.116066496,3.18E-07
-8496,0.211192357,5.78609E-07,,8496,0.116066496,3.18E-07
-8532,0.211467452,5.79363E-07,,8532,0.116066496,3.18E-07
-8568,0.211743397,5.80119E-07,,8568,0.116066496,3.18E-07
-8604,0.212020196,5.80877E-07,,8604,0.116066496,3.18E-07
-8640,0.21228055,5.81591E-07,,8640,0.116066496,3.18E-07
-8676,0.21255901,5.82353E-07,,8676,0.116066496,3.18E-07
-8712,0.212838331,5.83119E-07,,8712,0.116066496,3.18E-07
-8748,0.213118518,5.83886E-07,,8748,0.116066496,3.18E-07
-8784,0.213382059,5.84608E-07,,8784,0.116066496,3.18E-07
-8820,0.213663929,5.85381E-07,,8820,0.116066496,3.18E-07
-8856,0.213946673,5.86155E-07,,8856,0.116066496,3.18E-07
-8892,0.214230293,5.86932E-07,,8892,0.116066496,3.18E-07
-8928,0.214497065,5.87663E-07,,8928,0.116066496,3.18E-07
-8964,0.214782392,5.88445E-07,,8964,0.116066496,3.18E-07
-9000,0.215068603,5.89229E-07,,9000,0.116066496,3.18E-07
-9036,0.215355703,5.90016E-07,,9036,0.116066496,3.18E-07
-9072,0.21562575,5.90755E-07,,9072,0.116066496,3.18E-07
-9108,0.21591458,5.91547E-07,,9108,0.116066496,3.18E-07
-9144,0.216204307,5.92341E-07,,9144,0.116066496,3.18E-07
-9180,0.216494934,5.93137E-07,,9180,0.116066496,3.18E-07
-9216,0.216768299,5.93886E-07,,9216,0.116066496,3.18E-07
-9252,0.21706068,5.94687E-07,,9252,0.116066496,3.18E-07
-9288,0.21735397,5.9549E-07,,9288,0.116066496,3.18E-07
-9324,0.217648172,5.96296E-07,,9324,0.116066496,3.18E-07
-9360,0.217924901,5.97055E-07,,9360,0.116066496,3.18E-07
-9396,0.218220881,5.97865E-07,,9396,0.116066496,3.18E-07
-9432,0.218517782,5.98679E-07,,9432,0.116066496,3.18E-07
-9468,0.218815608,5.99495E-07,,9468,0.116066496,3.18E-07
-9504,0.219095747,6.00262E-07,,9504,0.116066496,3.18E-07
-9540,0.219395374,6.01083E-07,,9540,0.116066496,3.18E-07
-9576,0.219695936,6.01907E-07,,9576,0.116066496,3.18E-07
-9612,0.219997435,6.02733E-07,,9612,0.116066496,3.18E-07
-9648,0.22028103,6.0351E-07,,9648,0.116066496,3.18E-07
-9684,0.220584355,6.04341E-07,,9684,0.116066496,3.18E-07
-9720,0.220888627,6.05174E-07,,9720,0.116066496,3.18E-07
-9756,0.221193849,6.06011E-07,,9756,0.116066496,3.18E-07
-9792,0.221480947,6.06797E-07,,9792,0.116066496,3.18E-07
-9828,0.22178802,6.07638E-07,,9828,0.116066496,3.18E-07
-9864,0.222096053,6.08482E-07,,9864,0.116066496,3.18E-07
-9900,0.222405049,6.09329E-07,,9900,0.116066496,3.18E-07
-9936,0.222695698,6.10125E-07,,9936,0.116066496,3.18E-07
-9972,0.22300657,6.10977E-07,,9972,0.116066496,3.18E-07
-10008,0.223318416,6.11831E-07,,10008,0.116066496,3.18E-07
-10044,0.223631238,6.12688E-07,,10044,0.116066496,3.18E-07
-10080,0.223925486,6.13494E-07,,10080,0.116066496,3.18E-07
-10116,0.22424021,6.14357E-07,,10116,0.116066496,3.18E-07
-10152,0.22455592,6.15222E-07,,10152,0.116066496,3.18E-07
-10188,0.224872619,6.16089E-07,,10188,0.116066496,3.18E-07
-10224,0.225170517,6.16906E-07,,10224,0.116066496,3.18E-07
-10260,0.225489144,6.17778E-07,,10260,0.116066496,3.18E-07
-10296,0.225808772,6.18654E-07,,10296,0.116066496,3.18E-07
-10332,0.226129403,6.19533E-07,,10332,0.116066496,3.18E-07
-10368,0.226430999,6.20359E-07,,10368,0.116066496,3.18E-07
-10404,0.226753584,6.21243E-07,,10404,0.116066496,3.18E-07
-10440,0.227077183,6.22129E-07,,10440,0.116066496,3.18E-07
-10476,0.227401799,6.23019E-07,,10476,0.116066496,3.18E-07
-10512,0.227707146,6.23855E-07,,10512,0.116066496,3.18E-07
-10548,0.228033743,6.2475E-07,,10548,0.116066496,3.18E-07
-10584,0.228361368,6.25648E-07,,10584,0.116066496,3.18E-07
-10620,0.228690024,6.26548E-07,,10620,0.116066496,3.18E-07
-10656,0.228999171,6.27395E-07,,10656,0.116066496,3.18E-07
-10692,0.229329836,6.28301E-07,,10692,0.116066496,3.18E-07
-10728,0.229661542,6.2921E-07,,10728,0.116066496,3.18E-07
-10764,0.229994294,6.30121E-07,,10764,0.116066496,3.18E-07
-10800,0.230307295,6.30979E-07,,10800,0.116066496,3.18E-07
-10836,0.230642083,6.31896E-07,,10836,0.116066496,3.18E-07
-10872,0.230977927,6.32816E-07,,10872,0.116066496,3.18E-07
-10908,0.231314831,6.33739E-07,,10908,0.116066496,3.18E-07
-10944,0.231631739,6.34608E-07,,10944,0.116066496,3.18E-07
-10980,0.231970707,6.35536E-07,,10980,0.116066496,3.18E-07
-11016,0.232310746,6.36468E-07,,11016,0.116066496,3.18E-07
-11052,0.232651859,6.37402E-07,,11052,0.116066496,3.18E-07
-11088,0.232972728,6.38281E-07,,11088,0.116066496,3.18E-07
-11124,0.233315934,6.39222E-07,,11124,0.116066496,3.18E-07
-11160,0.233660226,6.40165E-07,,11160,0.116066496,3.18E-07
-11196,0.234005607,6.41111E-07,,11196,0.116066496,3.18E-07
-11232,0.234330492,6.42001E-07,,11232,0.116066496,3.18E-07
-11268,0.234677995,6.42953E-07,,11268,0.116066496,3.18E-07
-11304,0.235026598,6.43908E-07,,11304,0.116066496,3.18E-07
-11340,0.235376306,6.44867E-07,,11340,0.116066496,3.18E-07
-11376,0.235705262,6.45768E-07,,11376,0.116066496,3.18E-07
-11412,0.236057122,6.46732E-07,,11412,0.116066496,3.18E-07
-11448,0.236410097,6.47699E-07,,11448,0.116066496,3.18E-07
-11484,0.236764192,6.48669E-07,,11484,0.116066496,3.18E-07
-11520,0.237097276,6.49582E-07,,11520,0.116066496,3.18E-07
-11556,0.237453552,6.50558E-07,,11556,0.116066496,3.18E-07
-11592,0.237810959,6.51537E-07,,11592,0.116066496,3.18E-07
-11628,0.238169502,6.52519E-07,,11628,0.116066496,3.18E-07
-11664,0.238506771,6.53443E-07,,11664,0.116066496,3.18E-07
-11700,0.238867526,6.54432E-07,,11700,0.116066496,3.18E-07
-11736,0.239229427,6.55423E-07,,11736,0.116066496,3.18E-07
-11772,0.239592479,6.56418E-07,,11772,0.116066496,3.18E-07
-11808,0.239933993,6.57353E-07,,11808,0.116066496,3.18E-07
-11844,0.240299287,6.58354E-07,,11844,0.116066496,3.18E-07
-11880,0.240665745,6.59358E-07,,11880,0.116066496,3.18E-07
-11916,0.24103337,6.60365E-07,,11916,0.116066496,3.18E-07
-11952,0.241379186,6.61313E-07,,11952,0.116066496,3.18E-07
-11988,0.241749085,6.62326E-07,,11988,0.116066496,3.18E-07
-12024,0.242120163,6.63343E-07,,12024,0.116066496,3.18E-07
-12060,0.242492425,6.64363E-07,,12060,0.116066496,3.18E-07
-12096,0.242842604,6.65322E-07,,12096,0.116066496,3.18E-07
-12132,0.243217171,6.66348E-07,,12132,0.116066496,3.18E-07
-12168,0.243592933,6.67378E-07,,12168,0.116066496,3.18E-07
-12204,0.243969896,6.68411E-07,,12204,0.116066496,3.18E-07
-12240,0.244324499,6.69382E-07,,12240,0.116066496,3.18E-07
-12276,0.244703799,6.70421E-07,,12276,0.116066496,3.18E-07
-12312,0.245084312,6.71464E-07,,12312,0.116066496,3.18E-07
-12348,0.245466042,6.7251E-07,,12348,0.116066496,3.18E-07
-12384,0.245825131,6.73494E-07,,12384,0.116066496,3.18E-07
-12420,0.246209231,6.74546E-07,,12420,0.116066496,3.18E-07
-12456,0.246594561,6.75602E-07,,12456,0.116066496,3.18E-07
-12492,0.246981125,6.76661E-07,,12492,0.116066496,3.18E-07
-12528,0.247344762,6.77657E-07,,12528,0.116066496,3.18E-07
-12564,0.24773373,6.78723E-07,,12564,0.116066496,3.18E-07
-12600,0.248123944,6.79792E-07,,12600,0.116066496,3.18E-07
-12636,0.24851541,6.80864E-07,,12636,0.116066496,3.18E-07
-12672,0.248883659,6.81873E-07,,12672,0.116066496,3.18E-07
-12708,0.249277562,6.82952E-07,,12708,0.116066496,3.18E-07
-12744,0.24967273,6.84035E-07,,12744,0.116066496,3.18E-07
-12780,0.250069166,6.85121E-07,,12780,0.116066496,3.18E-07
-12816,0.250442093,6.86143E-07,,12816,0.116066496,3.18E-07
-12852,0.250841001,6.87236E-07,,12852,0.116066496,3.18E-07
-12888,0.251241192,6.88332E-07,,12888,0.116066496,3.18E-07
-12924,0.251642669,6.89432E-07,,12924,0.116066496,3.18E-07
-12960,0.252020339,6.90467E-07,,12960,0.116066496,3.18E-07
-12996,0.252424323,6.91573E-07,,12996,0.116066496,3.18E-07
-13032,0.252829606,6.92684E-07,,13032,0.116066496,3.18E-07
-13068,0.253236195,6.93798E-07,,13068,0.116066496,3.18E-07
-13104,0.253618676,6.94846E-07,,13104,0.116066496,3.18E-07
-13140,0.254027807,6.95967E-07,,13140,0.116066496,3.18E-07
-13176,0.254438256,6.97091E-07,,13176,0.116066496,3.18E-07
-13212,0.254850029,6.98219E-07,,13212,0.116066496,3.18E-07
-13248,0.255237388,6.99281E-07,,13248,0.116066496,3.18E-07
-13284,0.255651738,7.00416E-07,,13284,0.116066496,3.18E-07
-13320,0.256067426,7.01555E-07,,13320,0.116066496,3.18E-07
-13356,0.256484456,7.02697E-07,,13356,0.116066496,3.18E-07
-13392,0.256876762,7.03772E-07,,13392,0.116066496,3.18E-07
-13428,0.257296406,7.04922E-07,,13428,0.116066496,3.18E-07
-13464,0.257717406,7.06075E-07,,13464,0.116066496,3.18E-07
-13500,0.258139768,7.07232E-07,,13500,0.116066496,3.18E-07
-13536,0.258537091,7.08321E-07,,13536,0.116066496,3.18E-07
-13572,0.258962104,7.09485E-07,,13572,0.116066496,3.18E-07
-13608,0.259388493,7.10653E-07,,13608,0.116066496,3.18E-07
-13644,0.259816261,7.11825E-07,,13644,0.116066496,3.18E-07
-13680,0.260218673,7.12928E-07,,13680,0.116066496,3.18E-07
-13716,0.260649131,7.14107E-07,,13716,0.116066496,3.18E-07
-13752,0.261080984,7.1529E-07,,13752,0.116066496,3.18E-07
-13788,0.261514237,7.16477E-07,,13788,0.116066496,3.18E-07
-13824,0.261921809,7.17594E-07,,13824,0.116066496,3.18E-07
-13860,0.262357789,7.18788E-07,,13860,0.116066496,3.18E-07
-13896,0.262795184,7.19987E-07,,13896,0.116066496,3.18E-07
-13932,0.263233999,7.21189E-07,,13932,0.116066496,3.18E-07
-13968,0.263646806,7.2232E-07,,13968,0.116066496,3.18E-07
-14004,0.264088387,7.2353E-07,,14004,0.116066496,3.18E-07
-14040,0.264531403,7.24744E-07,,14040,0.116066496,3.18E-07
-14076,0.264975859,7.25961E-07,,14076,0.116066496,3.18E-07
-14112,0.265393974,7.27107E-07,,14112,0.116066496,3.18E-07
-14148,0.265841236,7.28332E-07,,14148,0.116066496,3.18E-07
-14184,0.266289953,7.29562E-07,,14184,0.116066496,3.18E-07
-14220,0.26674013,7.30795E-07,,14220,0.116066496,3.18E-07
-14256,0.26716363,7.31955E-07,,14256,0.116066496,3.18E-07
-14292,0.267616653,7.33196E-07,,14292,0.116066496,3.18E-07
-14328,0.268071153,7.34442E-07,,14328,0.116066496,3.18E-07
-14364,0.268527134,7.35691E-07,,14364,0.116066496,3.18E-07
-14400,0.268956095,7.36866E-07,,14400,0.116066496,3.18E-07
-14436,0.269414962,7.38123E-07,,14436,0.116066496,3.18E-07
-14472,0.269875327,7.39384E-07,,14472,0.116066496,3.18E-07
-14508,0.270337195,7.4065E-07,,14508,0.116066496,3.18E-07
-14544,0.270770312,7.41836E-07,,14544,0.116066496,3.18E-07
-14580,0.271235103,7.4311E-07,,14580,0.116066496,3.18E-07
-14616,0.271701412,7.44387E-07,,14616,0.116066496,3.18E-07
-14652,0.272169245,7.45669E-07,,14652,0.116066496,3.18E-07
-14688,0.272602265,7.46856E-07,,14688,0.116066496,3.18E-07
-14724,0.273073045,7.48145E-07,,14724,0.116066496,3.18E-07
-14760,0.273545365,7.49439E-07,,14760,0.116066496,3.18E-07
-14796,0.274019232,7.50738E-07,,14796,0.116066496,3.18E-07
-14832,0.274457837,7.51939E-07,,14832,0.116066496,3.18E-07
-14868,0.274934692,7.53246E-07,,14868,0.116066496,3.18E-07
-14904,0.275413109,7.54556E-07,,14904,0.116066496,3.18E-07
-14940,0.275893095,7.55871E-07,,14940,0.116066496,3.18E-07
-14976,0.276337366,7.57089E-07,,14976,0.116066496,3.18E-07
-15012,0.276820383,7.58412E-07,,15012,0.116066496,3.18E-07
-15048,0.277304985,7.5974E-07,,15048,0.116066496,3.18E-07
-15084,0.277791177,7.61072E-07,,15084,0.116066496,3.18E-07
-15120,0.278241195,7.62305E-07,,15120,0.116066496,3.18E-07
-15156,0.278730462,7.63645E-07,,15156,0.116066496,3.18E-07
-15192,0.279221337,7.6499E-07,,15192,0.116066496,3.18E-07
-15228,0.279713825,7.66339E-07,,15228,0.116066496,3.18E-07
-15264,0.280169672,7.67588E-07,,15264,0.116066496,3.18E-07
-15300,0.280665279,7.68946E-07,,15300,0.116066496,3.18E-07
-15336,0.281162517,7.70308E-07,,15336,0.116066496,3.18E-07
-15372,0.281661391,7.71675E-07,,15372,0.116066496,3.18E-07
-15408,0.282123152,7.7294E-07,,15408,0.116066496,3.18E-07
-15444,0.28262519,7.74316E-07,,15444,0.116066496,3.18E-07
-15480,0.283128882,7.75696E-07,,15480,0.116066496,3.18E-07
-15516,0.283634235,7.7708E-07,,15516,0.116066496,3.18E-07
-15552,0.284101994,7.78362E-07,,15552,0.116066496,3.18E-07
-15588,0.284610555,7.79755E-07,,15588,0.116066496,3.18E-07
-15624,0.285120795,7.81153E-07,,15624,0.116066496,3.18E-07
-15660,0.285632719,7.82555E-07,,15660,0.116066496,3.18E-07
-15696,0.286106563,7.83854E-07,,15696,0.116066496,3.18E-07
-15732,0.286621742,7.85265E-07,,15732,0.116066496,3.18E-07
-15768,0.287138624,7.86681E-07,,15768,0.116066496,3.18E-07
-15804,0.287657214,7.88102E-07,,15804,0.116066496,3.18E-07
-15840,0.28813723,7.89417E-07,,15840,0.116066496,3.18E-07
-15876,0.288659122,7.90847E-07,,15876,0.116066496,3.18E-07
-15912,0.289182741,7.92281E-07,,15912,0.116066496,3.18E-07
-15948,0.289708094,7.93721E-07,,15948,0.116066496,3.18E-07
-15984,0.290194372,7.95053E-07,,15984,0.116066496,3.18E-07
-16020,0.290723074,7.96502E-07,,16020,0.116066496,3.18E-07
-16056,0.291253529,7.97955E-07,,16056,0.116066496,3.18E-07
-16092,0.291785742,7.99413E-07,,16092,0.116066496,3.18E-07
-16128,0.292278371,8.00763E-07,,16128,0.116066496,3.18E-07
-16164,0.292813983,8.0223E-07,,16164,0.116066496,3.18E-07
-16200,0.293351371,8.03702E-07,,16200,0.116066496,3.18E-07
-16236,0.293890544,8.0518E-07,,16236,0.116066496,3.18E-07
-16272,0.294389618,8.06547E-07,,16272,0.116066496,3.18E-07
-16308,0.294932238,8.08034E-07,,16308,0.116066496,3.18E-07
-16344,0.295476661,8.09525E-07,,16344,0.116066496,3.18E-07
-16380,0.296022894,8.11022E-07,,16380,0.116066496,3.18E-07
-16416,0.296528506,8.12407E-07,,16416,0.116066496,3.18E-07
-16452,0.297078237,8.13913E-07,,16452,0.116066496,3.18E-07
-16488,0.297629797,8.15424E-07,,16488,0.116066496,3.18E-07
-16524,0.298183193,8.1694E-07,,16524,0.116066496,3.18E-07
-16560,0.298695437,8.18344E-07,,16560,0.116066496,3.18E-07
-16596,0.299252382,8.1987E-07,,16596,0.116066496,3.18E-07
-16632,0.299811182,8.214E-07,,16632,0.116066496,3.18E-07
-16668,0.300371845,8.22937E-07,,16668,0.116066496,3.18E-07
-16704,0.300890819,8.24358E-07,,16704,0.116066496,3.18E-07
-16740,0.301455082,8.25904E-07,,16740,0.116066496,3.18E-07
-16776,0.302021229,8.27455E-07,,16776,0.116066496,3.18E-07
-16812,0.302589265,8.29012E-07,,16812,0.116066496,3.18E-07
-16848,0.303115065,8.30452E-07,,16848,0.116066496,3.18E-07
-16884,0.303686754,8.32019E-07,,16884,0.116066496,3.18E-07
-16920,0.304260353,8.3359E-07,,16920,0.116066496,3.18E-07
-16956,0.30483587,8.35167E-07,,16956,0.116066496,3.18E-07
-16992,0.305368597,8.36626E-07,,16992,0.116066496,3.18E-07
-17028,0.30594782,8.38213E-07,,17028,0.116066496,3.18E-07
-17064,0.306528981,8.39805E-07,,17064,0.116066496,3.18E-07
-17100,0.307112087,8.41403E-07,,17100,0.116066496,3.18E-07
-17136,0.307651842,8.42882E-07,,17136,0.116066496,3.18E-07
-17172,0.308238708,8.4449E-07,,17172,0.116066496,3.18E-07
-17208,0.308827541,8.46103E-07,,17208,0.116066496,3.18E-07
-17244,0.309418348,8.47722E-07,,17244,0.116066496,3.18E-07
-17280,0.309965234,8.4922E-07,,17280,0.116066496,3.18E-07
-17316,0.310559856,8.50849E-07,,17316,0.116066496,3.18E-07
-17352,0.311156473,8.52483E-07,,17352,0.116066496,3.18E-07
-17388,0.311755093,8.54124E-07,,17388,0.116066496,3.18E-07
-17424,0.312309214,8.55642E-07,,17424,0.116066496,3.18E-07
-17460,0.312911705,8.57292E-07,,17460,0.116066496,3.18E-07
-17496,0.313516221,8.58949E-07,,17496,0.116066496,3.18E-07
-17532,0.314122769,8.6061E-07,,17532,0.116066496,3.18E-07
-17568,0.31468423,8.62149E-07,,17568,0.116066496,3.18E-07
-17604,0.315294706,8.63821E-07,,17604,0.116066496,3.18E-07
-17640,0.315907236,8.65499E-07,,17640,0.116066496,3.18E-07
-17676,0.316521828,8.67183E-07,,17676,0.116066496,3.18E-07
-17712,0.317090738,8.68742E-07,,17712,0.116066496,3.18E-07
-17748,0.317709316,8.70436E-07,,17748,0.116066496,3.18E-07
-17784,0.318329978,8.72137E-07,,17784,0.116066496,3.18E-07
-17820,0.318952733,8.73843E-07,,17820,0.116066496,3.18E-07
-17856,0.319529201,8.75422E-07,,17856,0.116066496,3.18E-07
-17892,0.320156,8.7714E-07,,17892,0.116066496,3.18E-07
-17928,0.320784913,8.78863E-07,,17928,0.116066496,3.18E-07
-17964,0.32141595,8.80592E-07,,17964,0.116066496,3.18E-07
-18000,0.322000088,8.82192E-07,,18000,0.116066496,3.18E-07
-18036,0.322635229,8.83932E-07,,18036,0.116066496,3.18E-07
-18072,0.323272515,8.85678E-07,,18072,0.116066496,3.18E-07
-18108,0.323911956,8.8743E-07,,18108,0.116066496,3.18E-07
-18144,0.324503877,8.89052E-07,,18144,0.116066496,3.18E-07
-18180,0.325147482,8.90815E-07,,18180,0.116066496,3.18E-07
-18216,0.325793266,8.92584E-07,,18216,0.116066496,3.18E-07
-18252,0.326441235,8.9436E-07,,18252,0.116066496,3.18E-07
-18288,0.327041053,8.96003E-07,,18288,0.116066496,3.18E-07
-18324,0.327693248,8.9779E-07,,18324,0.116066496,3.18E-07
-18360,0.328347654,8.99583E-07,,18360,0.116066496,3.18E-07
-18396,0.329004277,9.01382E-07,,18396,0.116066496,3.18E-07
-18432,0.329612109,9.03047E-07,,18432,0.116066496,3.18E-07
-18468,0.330273021,9.04858E-07,,18468,0.116066496,3.18E-07
-18504,0.330936176,9.06674E-07,,18504,0.116066496,3.18E-07
-18540,0.331601582,9.08497E-07,,18540,0.116066496,3.18E-07
-18576,0.332217546,9.10185E-07,,18576,0.116066496,3.18E-07
-18612,0.332887304,9.1202E-07,,18612,0.116066496,3.18E-07
-18648,0.333559338,9.13861E-07,,18648,0.116066496,3.18E-07
-18684,0.334233656,9.15709E-07,,18684,0.116066496,3.18E-07
-18720,0.334857873,9.17419E-07,,18720,0.116066496,3.18E-07
-18756,0.335536608,9.19278E-07,,18756,0.116066496,3.18E-07
-18792,0.336217652,9.21144E-07,,18792,0.116066496,3.18E-07
-18828,0.336901015,9.23016E-07,,18828,0.116066496,3.18E-07
-18864,0.337533607,9.2475E-07,,18864,0.116066496,3.18E-07
-18900,0.338221452,9.26634E-07,,18900,0.116066496,3.18E-07
-18936,0.338911641,9.28525E-07,,18936,0.116066496,3.18E-07
-18972,0.339604182,9.30422E-07,,18972,0.116066496,3.18E-07
-19008,0.340245274,9.32179E-07,,19008,0.116066496,3.18E-07
-19044,0.340942364,9.34089E-07,,19044,0.116066496,3.18E-07
-19080,0.341641833,9.36005E-07,,19080,0.116066496,3.18E-07
-19116,0.342343689,9.37928E-07,,19116,0.116066496,3.18E-07
-19152,0.342993408,9.39708E-07,,19152,0.116066496,3.18E-07
-19188,0.34369988,9.41644E-07,,19188,0.116066496,3.18E-07
-19224,0.344408767,9.43586E-07,,19224,0.116066496,3.18E-07
-19260,0.345120077,9.45534E-07,,19260,0.116066496,3.18E-07
-19296,0.34577855,9.47338E-07,,19296,0.116066496,3.18E-07
-19332,0.346494545,9.493E-07,,19332,0.116066496,3.18E-07
-19368,0.34721299,9.51268E-07,,19368,0.116066496,3.18E-07
-19404,0.347933895,9.53244E-07,,19404,0.116066496,3.18E-07
-19440,0.348601253,9.55072E-07,,19440,0.116066496,3.18E-07
-19476,0.349326912,9.5706E-07,,19476,0.116066496,3.18E-07
-19512,0.350055058,9.59055E-07,,19512,0.116066496,3.18E-07
-19548,0.350785701,9.61057E-07,,19548,0.116066496,3.18E-07
-19584,0.351462076,9.6291E-07,,19584,0.116066496,3.18E-07
-19620,0.352197544,9.64925E-07,,19620,0.116066496,3.18E-07
-19656,0.352935536,9.66947E-07,,19656,0.116066496,3.18E-07
-19692,0.353676062,9.68976E-07,,19692,0.116066496,3.18E-07
-19728,0.354361589,9.70854E-07,,19728,0.116066496,3.18E-07
-19764,0.355107012,9.72896E-07,,19764,0.116066496,3.18E-07
-19800,0.355854997,9.74945E-07,,19800,0.116066496,3.18E-07
-19836,0.356605554,9.77002E-07,,19836,0.116066496,3.18E-07
-19872,0.35730037,9.78905E-07,,19872,0.116066496,3.18E-07
-19908,0.358055898,9.80975E-07,,19908,0.116066496,3.18E-07
-19944,0.358814025,9.83052E-07,,19944,0.116066496,3.18E-07
-19980,0.359574763,9.85136E-07,,19980,0.116066496,3.18E-07
-20016,0.360279007,9.87066E-07,,20016,0.116066496,3.18E-07
-20052,0.36104479,9.89164E-07,,20052,0.116066496,3.18E-07
-20088,0.361813213,9.91269E-07,,20088,0.116066496,3.18E-07
-20124,0.362584284,9.93382E-07,,20124,0.116066496,3.18E-07
-20160,0.363298098,9.95337E-07,,20160,0.116066496,3.18E-07
-20196,0.36407429,9.97464E-07,,20196,0.116066496,3.18E-07
-20232,0.364853162,9.99598E-07,,20232,0.116066496,3.18E-07
-20268,0.365634722,1.00174E-06,,20268,0.116066496,3.18E-07
-20304,0.366358249,1.00372E-06,,20304,0.116066496,3.18E-07
-20340,0.367145007,1.00588E-06,,20340,0.116066496,3.18E-07
-20376,0.367934484,1.00804E-06,,20376,0.116066496,3.18E-07
-20412,0.368726691,1.01021E-06,,20412,0.116066496,3.18E-07
-20448,0.369460077,1.01222E-06,,20448,0.116066496,3.18E-07
-20484,0.37025756,1.0144E-06,,20484,0.116066496,3.18E-07
-20520,0.371057803,1.0166E-06,,20520,0.116066496,3.18E-07
-20556,0.371860815,1.0188E-06,,20556,0.116066496,3.18E-07
-20592,0.37260421,1.02083E-06,,20592,0.116066496,3.18E-07
-20628,0.373412578,1.02305E-06,,20628,0.116066496,3.18E-07
-20664,0.374223749,1.02527E-06,,20664,0.116066496,3.18E-07
-20700,0.375037731,1.0275E-06,,20700,0.116066496,3.18E-07
-20736,0.375791283,1.02957E-06,,20736,0.116066496,3.18E-07
-20772,0.376610702,1.03181E-06,,20772,0.116066496,3.18E-07
-20808,0.377432965,1.03406E-06,,20808,0.116066496,3.18E-07
-20844,0.378258082,1.03632E-06,,20844,0.116066496,3.18E-07
-20880,0.379021946,1.03842E-06,,20880,0.116066496,3.18E-07
-20916,0.379852581,1.04069E-06,,20916,0.116066496,3.18E-07
-20952,0.380686104,1.04298E-06,,20952,0.116066496,3.18E-07
-20988,0.381522523,1.04527E-06,,20988,0.116066496,3.18E-07
-21024,0.382296855,1.04739E-06,,21024,0.116066496,3.18E-07
-21060,0.383138877,1.0497E-06,,21060,0.116066496,3.18E-07
-21096,0.383983829,1.05201E-06,,21096,0.116066496,3.18E-07
-21132,0.384831722,1.05433E-06,,21132,0.116066496,3.18E-07
-21168,0.385616679,1.05648E-06,,21168,0.116066496,3.18E-07
-21204,0.386470259,1.05882E-06,,21204,0.116066496,3.18E-07
-21240,0.387326814,1.06117E-06,,21240,0.116066496,3.18E-07
-21276,0.388186355,1.06352E-06,,21276,0.116066496,3.18E-07
-21312,0.388982098,1.0657E-06,,21312,0.116066496,3.18E-07
-21348,0.389847412,1.06808E-06,,21348,0.116066496,3.18E-07
-21384,0.390715746,1.07045E-06,,21384,0.116066496,3.18E-07
-21420,0.39158711,1.07284E-06,,21420,0.116066496,3.18E-07
-21456,0.392393803,1.07505E-06,,21456,0.116066496,3.18E-07
-21492,0.393271028,1.07745E-06,,21492,0.116066496,3.18E-07
-21528,0.394151319,1.07987E-06,,21528,0.116066496,3.18E-07
-21564,0.395034686,1.08229E-06,,21564,0.116066496,3.18E-07
-21600,0.395852496,1.08453E-06,,21600,0.116066496,3.18E-07
-21636,0.396741813,1.08696E-06,,21636,0.116066496,3.18E-07
-21672,0.397634242,1.08941E-06,,21672,0.116066496,3.18E-07
-21708,0.398529795,1.09186E-06,,21708,0.116066496,3.18E-07
-21744,0.399346402,1.0941E-06,,21744,0.116066496,3.18E-07
-21780,0.400247951,1.09657E-06,,21780,0.116066496,3.18E-07
-21816,0.401152659,1.09905E-06,,21816,0.116066496,3.18E-07
-21852,0.402060539,1.10154E-06,,21852,0.116066496,3.18E-07
-21888,0.402883047,1.10379E-06,,21888,0.116066496,3.18E-07
-21924,0.403796995,1.10629E-06,,21924,0.116066496,3.18E-07
-21960,0.40471415,1.10881E-06,,21960,0.116066496,3.18E-07
-21996,0.405634524,1.11133E-06,,21996,0.116066496,3.18E-07
-22032,0.406468355,1.11361E-06,,22032,0.116066496,3.18E-07
-22068,0.40739489,1.11615E-06,,22068,0.116066496,3.18E-07
-22104,0.40832468,1.1187E-06,,22104,0.116066496,3.18E-07
-22140,0.409257738,1.12125E-06,,22140,0.116066496,3.18E-07
-22176,0.410103065,1.12357E-06,,22176,0.116066496,3.18E-07
-22212,0.411042377,1.12614E-06,,22212,0.116066496,3.18E-07
-22248,0.411984993,1.12873E-06,,22248,0.116066496,3.18E-07
-22284,0.412930928,1.13132E-06,,22284,0.116066496,3.18E-07
-22320,0.413787925,1.13367E-06,,22320,0.116066496,3.18E-07
-22356,0.414740208,1.13627E-06,,22356,0.116066496,3.18E-07
-22392,0.415695847,1.13889E-06,,22392,0.116066496,3.18E-07
-22428,0.416654853,1.14152E-06,,22428,0.116066496,3.18E-07
-22464,0.417617241,1.14416E-06,,22464,0.116066496,3.18E-07
-22500,0.418489149,1.14655E-06,,22500,0.116066496,3.18E-07
-22536,0.419458007,1.1492E-06,,22536,0.116066496,3.18E-07
-22572,0.420430285,1.15186E-06,,22572,0.116066496,3.18E-07
-22608,0.421405995,1.15454E-06,,22608,0.116066496,3.18E-07
-22644,0.422289977,1.15696E-06,,22644,0.116066496,3.18E-07
-22680,0.423272256,1.15965E-06,,22680,0.116066496,3.18E-07
-22716,0.424258007,1.16235E-06,,22716,0.116066496,3.18E-07
-22752,0.425247243,1.16506E-06,,22752,0.116066496,3.18E-07
-22788,0.426143483,1.16752E-06,,22788,0.116066496,3.18E-07
-22824,0.427139387,1.17024E-06,,22824,0.116066496,3.18E-07
-22860,0.428138816,1.17298E-06,,22860,0.116066496,3.18E-07
-22896,0.429141784,1.17573E-06,,22896,0.116066496,3.18E-07
-22932,0.430050468,1.17822E-06,,22932,0.116066496,3.18E-07
-22968,0.431060207,1.18099E-06,,22968,0.116066496,3.18E-07
-23004,0.432073523,1.18376E-06,,23004,0.116066496,3.18E-07
-23040,0.433090431,1.18655E-06,,23040,0.116066496,3.18E-07
-23076,0.434011751,1.18907E-06,,23076,0.116066496,3.18E-07
-23112,0.435035534,1.19188E-06,,23112,0.116066496,3.18E-07
-23148,0.436062949,1.19469E-06,,23148,0.116066496,3.18E-07
-23184,0.437094012,1.19752E-06,,23184,0.116066496,3.18E-07
-23220,0.438028159,1.20008E-06,,23220,0.116066496,3.18E-07
-23256,0.439066202,1.20292E-06,,23256,0.116066496,3.18E-07
-23292,0.440107932,1.20578E-06,,23292,0.116066496,3.18E-07
-23328,0.441153366,1.20864E-06,,23328,0.116066496,3.18E-07
-23364,0.442100538,1.21123E-06,,23364,0.116066496,3.18E-07
-23400,0.443153057,1.21412E-06,,23400,0.116066496,3.18E-07
-23436,0.444209322,1.21701E-06,,23436,0.116066496,3.18E-07
-23472,0.445269346,1.21992E-06,,23472,0.116066496,3.18E-07
-23508,0.446229742,1.22255E-06,,23508,0.116066496,3.18E-07
-23544,0.447296961,1.22547E-06,,23544,0.116066496,3.18E-07
-23580,0.448367983,1.22841E-06,,23580,0.116066496,3.18E-07
-23616,0.449442821,1.23135E-06,,23616,0.116066496,3.18E-07
-23652,0.450416644,1.23402E-06,,23652,0.116066496,3.18E-07
-23688,0.451498788,1.23698E-06,,23688,0.116066496,3.18E-07
-23724,0.452584793,1.23996E-06,,23724,0.116066496,3.18E-07
-23760,0.453674673,1.24294E-06,,23760,0.116066496,3.18E-07
-23796,0.454662128,1.24565E-06,,23796,0.116066496,3.18E-07
-23832,0.455759426,1.24866E-06,,23832,0.116066496,3.18E-07
-23868,0.456860645,1.25167E-06,,23868,0.116066496,3.18E-07
-23904,0.457965798,1.2547E-06,,23904,0.116066496,3.18E-07
-23940,0.458967095,1.25744E-06,,23940,0.116066496,3.18E-07
-23976,0.460079781,1.26049E-06,,23976,0.116066496,3.18E-07
-24012,0.461196446,1.26355E-06,,24012,0.116066496,3.18E-07
-24048,0.462317108,1.26662E-06,,24048,0.116066496,3.18E-07
-24084,0.46333246,1.2694E-06,,24084,0.116066496,3.18E-07
-24120,0.464460769,1.2725E-06,,24120,0.116066496,3.18E-07
-24156,0.465593119,1.2756E-06,,24156,0.116066496,3.18E-07
-24192,0.466729527,1.27871E-06,,24192,0.116066496,3.18E-07
-24228,0.467759151,1.28153E-06,,24228,0.116066496,3.18E-07
-24264,0.468903324,1.28467E-06,,24264,0.116066496,3.18E-07
-24300,0.470051602,1.28781E-06,,24300,0.116066496,3.18E-07
-24336,0.471203999,1.29097E-06,,24336,0.116066496,3.18E-07
-24372,0.472248114,1.29383E-06,,24372,0.116066496,3.18E-07
-24408,0.473408397,1.29701E-06,,24408,0.116066496,3.18E-07
-24444,0.474572846,1.3002E-06,,24444,0.116066496,3.18E-07
-24480,0.475741479,1.3034E-06,,24480,0.116066496,3.18E-07
-24516,0.47680031,1.3063E-06,,24516,0.116066496,3.18E-07
-24552,0.47797695,1.30953E-06,,24552,0.116066496,3.18E-07
-24588,0.479157821,1.31276E-06,,24588,0.116066496,3.18E-07
-24624,0.480342941,1.31601E-06,,24624,0.116066496,3.18E-07
-24660,0.481416714,1.31895E-06,,24660,0.116066496,3.18E-07
-24696,0.482609964,1.32222E-06,,24696,0.116066496,3.18E-07
-24732,0.483807511,1.3255E-06,,24732,0.116066496,3.18E-07
-24768,0.484892548,1.32847E-06,,24768,0.116066496,3.18E-07
-24804,0.486098319,1.33178E-06,,24804,0.116066496,3.18E-07
-24840,0.487308436,1.33509E-06,,24840,0.116066496,3.18E-07
-24876,0.488522917,1.33842E-06,,24876,0.116066496,3.18E-07
-24912,0.489623301,1.34143E-06,,24912,0.116066496,3.18E-07
-24948,0.490846133,1.34478E-06,,24948,0.116066496,3.18E-07
-24984,0.492073379,1.34815E-06,,24984,0.116066496,3.18E-07
-25020,0.493305056,1.35152E-06,,25020,0.116066496,3.18E-07
-25056,0.494421026,1.35458E-06,,25056,0.116066496,3.18E-07
-25092,0.495661183,1.35798E-06,,25092,0.116066496,3.18E-07
-25128,0.496905823,1.36139E-06,,25128,0.116066496,3.18E-07
-25164,0.498154962,1.36481E-06,,25164,0.116066496,3.18E-07
-25200,0.499286759,1.36791E-06,,25200,0.116066496,3.18E-07
-25236,0.500544511,1.37135E-06,,25236,0.116066496,3.18E-07
-25272,0.501806814,1.37481E-06,,25272,0.116066496,3.18E-07
-25308,0.503073687,1.37828E-06,,25308,0.116066496,3.18E-07
-25344,0.504221556,1.38143E-06,,25344,0.116066496,3.18E-07
-25380,0.505497175,1.38492E-06,,25380,0.116066496,3.18E-07
-25416,0.506777416,1.38843E-06,,25416,0.116066496,3.18E-07
-25452,0.508062297,1.39195E-06,,25452,0.116066496,3.18E-07
-25488,0.509226489,1.39514E-06,,25488,0.116066496,3.18E-07
-25524,0.510520253,1.39869E-06,,25524,0.116066496,3.18E-07
-25560,0.51181871,1.40224E-06,,25560,0.116066496,3.18E-07
-25596,0.513121881,1.40581E-06,,25596,0.116066496,3.18E-07
-25632,0.514302649,1.40905E-06,,25632,0.116066496,3.18E-07
-25668,0.515614839,1.41264E-06,,25668,0.116066496,3.18E-07
-25704,0.516931797,1.41625E-06,,25704,0.116066496,3.18E-07
-25740,0.518253541,1.41987E-06,,25740,0.116066496,3.18E-07
-25776,0.519451143,1.42315E-06,,25776,0.116066496,3.18E-07
-25812,0.520782047,1.4268E-06,,25812,0.116066496,3.18E-07
-25848,0.522117793,1.43046E-06,,25848,0.116066496,3.18E-07
-25884,0.5234584,1.43413E-06,,25884,0.116066496,3.18E-07
-25920,0.524673098,1.43746E-06,,25920,0.116066496,3.18E-07
-25956,0.526023008,1.44116E-06,,25956,0.116066496,3.18E-07
-25992,0.527377835,1.44487E-06,,25992,0.116066496,3.18E-07
-26028,0.528737598,1.4486E-06,,26028,0.116066496,3.18E-07
-26064,0.52996966,1.45197E-06,,26064,0.116066496,3.18E-07
-26100,0.531338872,1.45572E-06,,26100,0.116066496,3.18E-07
-26136,0.532713077,1.45949E-06,,26136,0.116066496,3.18E-07
-26172,0.534092297,1.46327E-06,,26172,0.116066496,3.18E-07
-26208,0.535341993,1.46669E-06,,26208,0.116066496,3.18E-07
-26244,0.536730808,1.4705E-06,,26244,0.116066496,3.18E-07
-26280,0.538124694,1.47431E-06,,26280,0.116066496,3.18E-07
-26316,0.539523673,1.47815E-06,,26316,0.116066496,3.18E-07
-26352,0.540791279,1.48162E-06,,26352,0.116066496,3.18E-07
-26388,0.542200004,1.48548E-06,,26388,0.116066496,3.18E-07
-26424,0.543613879,1.48935E-06,,26424,0.116066496,3.18E-07
-26460,0.545032927,1.49324E-06,,26460,0.116066496,3.18E-07
-26496,0.546318722,1.49676E-06,,26496,0.116066496,3.18E-07
-26532,0.547747668,1.50068E-06,,26532,0.116066496,3.18E-07
-26568,0.549181846,1.50461E-06,,26568,0.116066496,3.18E-07
-26604,0.550621276,1.50855E-06,,26604,0.116066496,3.18E-07
-26640,0.551925546,1.51212E-06,,26640,0.116066496,3.18E-07
-26676,0.553375029,1.5161E-06,,26676,0.116066496,3.18E-07
-26712,0.554829826,1.52008E-06,,26712,0.116066496,3.18E-07
-26748,0.556289958,1.52408E-06,,26748,0.116066496,3.18E-07
-26784,0.557612992,1.52771E-06,,26784,0.116066496,3.18E-07
-26820,0.559083335,1.53174E-06,,26820,0.116066496,3.18E-07
-26856,0.560559075,1.53578E-06,,26856,0.116066496,3.18E-07
-26892,0.562040234,1.53984E-06,,26892,0.116066496,3.18E-07
-26928,0.563382326,1.54351E-06,,26928,0.116066496,3.18E-07
-26964,0.564873856,1.5476E-06,,26964,0.116066496,3.18E-07
-27000,0.566370868,1.5517E-06,,27000,0.116066496,3.18E-07
-27036,0.567873383,1.55582E-06,,27036,0.116066496,3.18E-07
-27072,0.569234832,1.55955E-06,,27072,0.116066496,3.18E-07
-27108,0.570747881,1.56369E-06,,27108,0.116066496,3.18E-07
-27144,0.572266499,1.56785E-06,,27144,0.116066496,3.18E-07
-27180,0.573790706,1.57203E-06,,27180,0.116066496,3.18E-07
-27216,0.575171817,1.57581E-06,,27216,0.116066496,3.18E-07
-27252,0.576706724,1.58002E-06,,27252,0.116066496,3.18E-07
-27288,0.578247286,1.58424E-06,,27288,0.116066496,3.18E-07
-27324,0.579793526,1.58848E-06,,27324,0.116066496,3.18E-07
-27360,0.581194608,1.59231E-06,,27360,0.116066496,3.18E-07
-27396,0.582751716,1.59658E-06,,27396,0.116066496,3.18E-07
-27432,0.584314568,1.60086E-06,,27432,0.116066496,3.18E-07
-27468,0.585883188,1.60516E-06,,27468,0.116066496,3.18E-07
-27504,0.587304555,1.60905E-06,,27504,0.116066496,3.18E-07
-27540,0.588884214,1.61338E-06,,27540,0.116066496,3.18E-07
-27576,0.590469708,1.61773E-06,,27576,0.116066496,3.18E-07
-27612,0.59206106,1.62209E-06,,27612,0.116066496,3.18E-07
-27648,0.593503031,1.62604E-06,,27648,0.116066496,3.18E-07
-27684,0.595105597,1.63043E-06,,27684,0.116066496,3.18E-07
-27720,0.596714089,1.63483E-06,,27720,0.116066496,3.18E-07
-27756,0.598328532,1.63926E-06,,27756,0.116066496,3.18E-07
-27792,0.599791432,1.64326E-06,,27792,0.116066496,3.18E-07
-27828,0.601417265,1.64772E-06,,27828,0.116066496,3.18E-07
-27864,0.603049118,1.65219E-06,,27864,0.116066496,3.18E-07
-27900,0.604687016,1.65668E-06,,27900,0.116066496,3.18E-07
-27936,0.606171176,1.66074E-06,,27936,0.116066496,3.18E-07
-27972,0.607820644,1.66526E-06,,27972,0.116066496,3.18E-07
-28008,0.609476226,1.6698E-06,,28008,0.116066496,3.18E-07
-28044,0.611137949,1.67435E-06,,28044,0.116066496,3.18E-07
-28080,0.612643705,1.67848E-06,,28080,0.116066496,3.18E-07
-28116,0.614317181,1.68306E-06,,28116,0.116066496,3.18E-07
-28152,0.615996868,1.68766E-06,,28152,0.116066496,3.18E-07
-28188,0.617682793,1.69228E-06,,28188,0.116066496,3.18E-07
-28224,0.61937498,1.69692E-06,,28224,0.116066496,3.18E-07
-28260,0.620908349,1.70112E-06,,28260,0.116066496,3.18E-07
-28296,0.622612523,1.70579E-06,,28296,0.116066496,3.18E-07
-28332,0.624323032,1.71047E-06,,28332,0.116066496,3.18E-07
-28368,0.626039903,1.71518E-06,,28368,0.116066496,3.18E-07
-28404,0.627595646,1.71944E-06,,28404,0.116066496,3.18E-07
-28440,0.629324693,1.72418E-06,,28440,0.116066496,3.18E-07
-28476,0.631060176,1.72893E-06,,28476,0.116066496,3.18E-07
-28512,0.632802122,1.7337E-06,,28512,0.116066496,3.18E-07
-28548,0.634380593,1.73803E-06,,28548,0.116066496,3.18E-07
-28584,0.636134907,1.74284E-06,,28584,0.116066496,3.18E-07
-28620,0.63789576,1.74766E-06,,28620,0.116066496,3.18E-07
-28656,0.639663178,1.7525E-06,,28656,0.116066496,3.18E-07
-28692,0.641264737,1.75689E-06,,28692,0.116066496,3.18E-07
-28728,0.64304472,1.76177E-06,,28728,0.116066496,3.18E-07
-28764,0.644831345,1.76666E-06,,28764,0.116066496,3.18E-07
-28800,0.646624639,1.77157E-06,,28800,0.116066496,3.18E-07
-28836,0.648249653,1.77603E-06,,28836,0.116066496,3.18E-07
-28872,0.650055711,1.78097E-06,,28872,0.116066496,3.18E-07
-28908,0.651868517,1.78594E-06,,28908,0.116066496,3.18E-07
-28944,0.653688098,1.79093E-06,,28944,0.116066496,3.18E-07
-28980,0.655309333,1.79537E-06,,28980,0.116066496,3.18E-07
-29016,0.657141778,1.80039E-06,,29016,0.116066496,3.18E-07
-29052,0.658981077,1.80543E-06,,29052,0.116066496,3.18E-07
-29088,0.660827258,1.81049E-06,,29088,0.116066496,3.18E-07
-29124,0.662458154,1.81495E-06,,29124,0.116066496,3.18E-07
-29160,0.664317351,1.82005E-06,,29160,0.116066496,3.18E-07
-29196,0.66618351,1.82516E-06,,29196,0.116066496,3.18E-07
-29232,0.66783206,1.82968E-06,,29232,0.116066496,3.18E-07
-29268,0.669711387,1.83483E-06,,29268,0.116066496,3.18E-07
-29304,0.671597758,1.83999E-06,,29304,0.116066496,3.18E-07
-29340,0.673491202,1.84518E-06,,29340,0.116066496,3.18E-07
-29376,0.675163862,1.84976E-06,,29376,0.116066496,3.18E-07
-29412,0.677070682,1.85499E-06,,29412,0.116066496,3.18E-07
-29448,0.678984658,1.86023E-06,,29448,0.116066496,3.18E-07
-29484,0.680905819,1.8655E-06,,29484,0.116066496,3.18E-07
-29520,0.682602971,1.87015E-06,,29520,0.116066496,3.18E-07
-29556,0.68453772,1.87545E-06,,29556,0.116066496,3.18E-07
-29592,0.686479738,1.88077E-06,,29592,0.116066496,3.18E-07
-29628,0.688429054,1.88611E-06,,29628,0.116066496,3.18E-07
-29664,0.690151086,1.89082E-06,,29664,0.116066496,3.18E-07
-29700,0.692114207,1.8962E-06,,29700,0.116066496,3.18E-07
-29736,0.694084711,1.9016E-06,,29736,0.116066496,3.18E-07
-29772,0.69606263,1.90702E-06,,29772,0.116066496,3.18E-07
-29808,0.697809937,1.91181E-06,,29808,0.116066496,3.18E-07
-29844,0.699801878,1.91727E-06,,29844,0.116066496,3.18E-07
-29880,0.701801321,1.92274E-06,,29880,0.116066496,3.18E-07
-29916,0.703808296,1.92824E-06,,29916,0.116066496,3.18E-07
-29952,0.705581279,1.9331E-06,,29952,0.116066496,3.18E-07
-29988,0.707602499,1.93864E-06,,29988,0.116066496,3.18E-07
-30024,0.70963134,1.9442E-06,,30024,0.116066496,3.18E-07
-30060,0.711667832,1.94977E-06,,30060,0.116066496,3.18E-07
-30096,0.713466898,1.9547E-06,,30096,0.116066496,3.18E-07
-30132,0.715517863,1.96032E-06,,30132,0.116066496,3.18E-07
-30168,0.717576569,1.96596E-06,,30168,0.116066496,3.18E-07
-30204,0.719643048,1.97162E-06,,30204,0.116066496,3.18E-07
-30240,0.721468612,1.97663E-06,,30240,0.116066496,3.18E-07
-30276,0.723549793,1.98233E-06,,30276,0.116066496,3.18E-07
-30312,0.725638839,1.98805E-06,,30312,0.116066496,3.18E-07
-30348,0.727735782,1.9938E-06,,30348,0.116066496,3.18E-07
-30384,0.729588266,1.99887E-06,,30384,0.116066496,3.18E-07
-30420,0.731700144,2.00466E-06,,30420,0.116066496,3.18E-07
-30456,0.733820013,2.01047E-06,,30456,0.116066496,3.18E-07
-30492,0.735947905,2.0163E-06,,30492,0.116066496,3.18E-07
-30528,0.737827736,2.02145E-06,,30528,0.116066496,3.18E-07
-30564,0.739970802,2.02732E-06,,30564,0.116066496,3.18E-07
-30600,0.742121984,2.03321E-06,,30600,0.116066496,3.18E-07
-30636,0.744281317,2.03913E-06,,30636,0.116066496,3.18E-07
-30672,0.746448834,2.04507E-06,,30672,0.116066496,3.18E-07
-30708,0.748363681,2.05031E-06,,30708,0.116066496,3.18E-07
-30744,0.750546677,2.05629E-06,,30744,0.116066496,3.18E-07
-30780,0.752737952,2.0623E-06,,30780,0.116066496,3.18E-07
-30816,0.754937542,2.06832E-06,,30816,0.116066496,3.18E-07
-30852,0.756880732,2.07365E-06,,30852,0.116066496,3.18E-07
-30888,0.759096048,2.07972E-06,,30888,0.116066496,3.18E-07
-30924,0.761319776,2.08581E-06,,30924,0.116066496,3.18E-07
-30960,0.763551951,2.09192E-06,,30960,0.116066496,3.18E-07
-30996,0.765523935,2.09733E-06,,30996,0.116066496,3.18E-07
-31032,0.767772086,2.10349E-06,,31032,0.116066496,3.18E-07
-31068,0.770028785,2.10967E-06,,31068,0.116066496,3.18E-07
-31104,0.772294065,2.11587E-06,,31104,0.116066496,3.18E-07
-31140,0.774295304,2.12136E-06,,31140,0.116066496,3.18E-07
-31176,0.776576816,2.12761E-06,,31176,0.116066496,3.18E-07
-31212,0.778867011,2.13388E-06,,31212,0.116066496,3.18E-07
-31248,0.781165926,2.14018E-06,,31248,0.116066496,3.18E-07
-31284,0.783196887,2.14574E-06,,31284,0.116066496,3.18E-07
-31320,0.785512293,2.15209E-06,,31320,0.116066496,3.18E-07
-31356,0.787836521,2.15846E-06,,31356,0.116066496,3.18E-07
-31392,0.790169607,2.16485E-06,,31392,0.116066496,3.18E-07
-31428,0.792230766,2.1705E-06,,31428,0.116066496,3.18E-07
-31464,0.794580607,2.17693E-06,,31464,0.116066496,3.18E-07
-31500,0.796939413,2.1834E-06,,31500,0.116066496,3.18E-07
-31536,0.799307218,2.18988E-06,,31536,0.116066496,3.18E-07
-31572,0.801399057,2.19561E-06,,31572,0.116066496,3.18E-07
-31608,0.803783886,2.20215E-06,,31608,0.116066496,3.18E-07
-31644,0.806177822,2.20871E-06,,31644,0.116066496,3.18E-07
-31680,0.808580903,2.21529E-06,,31680,0.116066496,3.18E-07
-31716,0.810703914,2.22111E-06,,31716,0.116066496,3.18E-07
-31752,0.81312429,2.22774E-06,,31752,0.116066496,3.18E-07
-31788,0.81555392,2.23439E-06,,31788,0.116066496,3.18E-07
-31824,0.817992841,2.24108E-06,,31824,0.116066496,3.18E-07
-31860,0.820147523,2.24698E-06,,31860,0.116066496,3.18E-07
-31896,0.822604018,2.25371E-06,,31896,0.116066496,3.18E-07
-31932,0.825069913,2.26047E-06,,31932,0.116066496,3.18E-07
-31968,0.827545249,2.26725E-06,,31968,0.116066496,3.18E-07
-32004,0.829732111,2.27324E-06,,32004,0.116066496,3.18E-07
-32040,0.832225302,2.28007E-06,,32040,0.116066496,3.18E-07
-32076,0.834728045,2.28693E-06,,32076,0.116066496,3.18E-07
-32112,0.83724038,2.29381E-06,,32112,0.116066496,3.18E-07
-32148,0.839459939,2.29989E-06,,32148,0.116066496,3.18E-07
-32184,0.841990416,2.30682E-06,,32184,0.116066496,3.18E-07
-32220,0.844530599,2.31378E-06,,32220,0.116066496,3.18E-07
-32256,0.847080527,2.32077E-06,,32256,0.116066496,3.18E-07
-32292,0.849333307,2.32694E-06,,32292,0.116066496,3.18E-07
-32328,0.851901668,2.33398E-06,,32328,0.116066496,3.18E-07
-32364,0.854479892,2.34104E-06,,32364,0.116066496,3.18E-07
-32400,0.857068018,2.34813E-06,,32400,0.116066496,3.18E-07
-32436,0.859354553,2.3544E-06,,32436,0.116066496,3.18E-07
-32472,0.861961409,2.36154E-06,,32472,0.116066496,3.18E-07
-32508,0.864578285,2.36871E-06,,32508,0.116066496,3.18E-07
-32544,0.867205222,2.3759E-06,,32544,0.116066496,3.18E-07
-32580,0.869526055,2.38226E-06,,32580,0.116066496,3.18E-07
-32616,0.872172024,2.38951E-06,,32616,0.116066496,3.18E-07
-32652,0.874828174,2.39679E-06,,32652,0.116066496,3.18E-07
-32688,0.877494548,2.40409E-06,,32688,0.116066496,3.18E-07
-32724,0.879850231,2.41055E-06,,32724,0.116066496,3.18E-07
-32760,0.882535943,2.41791E-06,,32760,0.116066496,3.18E-07
-32796,0.885232,2.42529E-06,,32796,0.116066496,3.18E-07
-32832,0.887613913,2.43182E-06,,32832,0.116066496,3.18E-07
-32868,0.890329539,2.43926E-06,,32868,0.116066496,3.18E-07
-32904,0.893055633,2.44673E-06,,32904,0.116066496,3.18E-07
-32940,0.895792239,2.45423E-06,,32940,0.116066496,3.18E-07
-32976,0.898209987,2.46085E-06,,32976,0.116066496,3.18E-07
-33012,0.900966477,2.4684E-06,,33012,0.116066496,3.18E-07
-33048,0.903733605,2.47598E-06,,33048,0.116066496,3.18E-07
-33084,0.906511415,2.48359E-06,,33084,0.116066496,3.18E-07
-33120,0.908965574,2.49032E-06,,33120,0.116066496,3.18E-07
-33156,0.911763588,2.49798E-06,,33156,0.116066496,3.18E-07
-33192,0.914572411,2.50568E-06,,33192,0.116066496,3.18E-07
-33228,0.917392088,2.5134E-06,,33228,0.116066496,3.18E-07
-33264,0.919883247,2.52023E-06,,33264,0.116066496,3.18E-07
-33300,0.922723454,2.52801E-06,,33300,0.116066496,3.18E-07
-33336,0.925574646,2.53582E-06,,33336,0.116066496,3.18E-07
-33372,0.928436866,2.54366E-06,,33372,0.116066496,3.18E-07
-33408,0.930965621,2.55059E-06,,33408,0.116066496,3.18E-07
-33444,0.933848704,2.55849E-06,,33444,0.116066496,3.18E-07
-33480,0.936742948,2.56642E-06,,33480,0.116066496,3.18E-07
-33516,0.939648399,2.57438E-06,,33516,0.116066496,3.18E-07
-33552,0.942215357,2.58141E-06,,33552,0.116066496,3.18E-07
-33588,0.945142008,2.58943E-06,,33588,0.116066496,3.18E-07
-33624,0.94808,2.59748E-06,,33624,0.116066496,3.18E-07
-33660,0.95102938,2.60556E-06,,33660,0.116066496,3.18E-07
-33696,0.95363516,2.6127E-06,,33696,0.116066496,3.18E-07
-33732,0.956606082,2.62084E-06,,33732,0.116066496,3.18E-07
-33768,0.959588529,2.62901E-06,,33768,0.116066496,3.18E-07
-33804,0.962582549,2.63721E-06,,33804,0.116066496,3.18E-07
-33840,0.965227778,2.64446E-06,,33840,0.116066496,3.18E-07
-33876,0.968243688,2.65272E-06,,33876,0.116066496,3.18E-07
-33912,0.97127131,2.66102E-06,,33912,0.116066496,3.18E-07
-33948,0.974310693,2.66934E-06,,33948,0.116066496,3.18E-07
-33984,0.976996008,2.6767E-06,,33984,0.116066496,3.18E-07
-34020,0.980057635,2.68509E-06,,34020,0.116066496,3.18E-07
-34056,0.983131163,2.69351E-06,,34056,0.116066496,3.18E-07
-34092,0.986216642,2.70196E-06,,34092,0.116066496,3.18E-07
-34128,0.988942694,2.70943E-06,,34128,0.116066496,3.18E-07
-34164,0.992050778,2.71795E-06,,34164,0.116066496,3.18E-07
-34200,0.995170955,2.7265E-06,,34200,0.116066496,3.18E-07
-34236,0.998303277,2.73508E-06,,34236,0.116066496,3.18E-07
-34272,1.001070726,2.74266E-06,,34272,0.116066496,3.18E-07
-34308,1.004226019,2.7513E-06,,34308,0.116066496,3.18E-07
-34344,1.007393602,2.75998E-06,,34344,0.116066496,3.18E-07
-34380,1.010573527,2.76869E-06,,34380,0.116066496,3.18E-07
-34416,1.013383044,2.77639E-06,,34416,0.116066496,3.18E-07
-34452,1.016586312,2.78517E-06,,34452,0.116066496,3.18E-07
-34488,1.019802069,2.79398E-06,,34488,0.116066496,3.18E-07
-34524,1.023030368,2.80282E-06,,34524,0.116066496,3.18E-07
-34560,1.025882636,2.81064E-06,,34560,0.116066496,3.18E-07
-34596,1.029134657,2.81955E-06,,34596,0.116066496,3.18E-07
-34632,1.032399371,2.82849E-06,,34632,0.116066496,3.18E-07
-34668,1.03567683,2.83747E-06,,34668,0.116066496,3.18E-07
-34704,1.038572541,2.8454E-06,,34704,0.116066496,3.18E-07
-34740,1.041874108,2.85445E-06,,34740,0.116066496,3.18E-07
-34776,1.045188573,2.86353E-06,,34776,0.116066496,3.18E-07
-34812,1.04851599,2.87265E-06,,34812,0.116066496,3.18E-07
-34848,1.051455851,2.8807E-06,,34848,0.116066496,3.18E-07
-34884,1.054807768,2.88988E-06,,34884,0.116066496,3.18E-07
-34920,1.058172792,2.8991E-06,,34920,0.116066496,3.18E-07
-34956,1.061550979,2.90836E-06,,34956,0.116066496,3.18E-07
-34992,1.064535707,2.91654E-06,,34992,0.116066496,3.18E-07
-35028,1.067938792,2.92586E-06,,35028,0.116066496,3.18E-07
-35064,1.071355198,2.93522E-06,,35064,0.116066496,3.18E-07
-35100,1.07478498,2.94462E-06,,35100,0.116066496,3.18E-07
-35136,1.077815305,2.95292E-06,,35136,0.116066496,3.18E-07
-35172,1.08127039,2.96238E-06,,35172,0.116066496,3.18E-07
-35208,1.084739013,2.97189E-06,,35208,0.116066496,3.18E-07
-35244,1.08822123,2.98143E-06,,35244,0.116066496,3.18E-07
-35280,1.091297893,2.98986E-06,,35280,0.116066496,3.18E-07
-35316,1.094805825,2.99947E-06,,35316,0.116066496,3.18E-07
-35352,1.098327514,3.00912E-06,,35352,0.116066496,3.18E-07
-35388,1.101863019,3.0188E-06,,35388,0.116066496,3.18E-07
-35424,1.104986776,3.02736E-06,,35424,0.116066496,3.18E-07
-35460,1.108548414,3.03712E-06,,35460,0.116066496,3.18E-07
-35496,1.112124035,3.04692E-06,,35496,0.116066496,3.18E-07
-35532,1.115713695,3.05675E-06,,35532,0.116066496,3.18E-07
-35568,1.118885312,3.06544E-06,,35568,0.116066496,3.18E-07
-35604,1.122501532,3.07535E-06,,35604,0.116066496,3.18E-07
-35640,1.126131962,3.08529E-06,,35640,0.116066496,3.18E-07
-35676,1.129776661,3.09528E-06,,35676,0.116066496,3.18E-07
-35712,1.132996918,3.1041E-06,,35712,0.116066496,3.18E-07
-35748,1.136668609,3.11416E-06,,35748,0.116066496,3.18E-07
-35784,1.140354742,3.12426E-06,,35784,0.116066496,3.18E-07
-35820,1.144055377,3.1344E-06,,35820,0.116066496,3.18E-07
-35856,1.147325067,3.14336E-06,,35856,0.116066496,3.18E-07
-35892,1.151053134,3.15357E-06,,35892,0.116066496,3.18E-07
-35928,1.154795879,3.16382E-06,,35928,0.116066496,3.18E-07
-35964,1.158553362,3.17412E-06,,35964,0.116066496,3.18E-07
-36000,1.161873291,3.18321E-06,,36000,0.116066496,3.18E-07
-36036,1.165658654,3.19359E-06,,36036,0.116066496,3.18E-07
-36072,1.169458934,3.204E-06,,36072,0.116066496,3.18E-07
-36108,1.173274193,3.21445E-06,,36108,0.116066496,3.18E-07
-36144,1.176645182,3.22369E-06,,36144,0.116066496,3.18E-07
-36180,1.180488776,3.23422E-06,,36180,0.116066496,3.18E-07
-36216,1.184347531,3.24479E-06,,36216,0.116066496,3.18E-07
-36252,1.188221509,3.2554E-06,,36252,0.116066496,3.18E-07
-36288,1.191644392,3.26478E-06,,36288,0.116066496,3.18E-07
-36324,1.195547168,3.27547E-06,,36324,0.116066496,3.18E-07
-36360,1.199465353,3.28621E-06,,36360,0.116066496,3.18E-07
-36396,1.20339901,3.29698E-06,,36396,0.116066496,3.18E-07
-36432,1.206874634,3.30651E-06,,36432,0.116066496,3.18E-07
-36468,1.21083756,3.31736E-06,,36468,0.116066496,3.18E-07
-36504,1.214816146,3.32826E-06,,36504,0.116066496,3.18E-07
-36540,1.218810457,3.33921E-06,,36540,0.116066496,3.18E-07
-36576,1.222339685,3.34888E-06,,36576,0.116066496,3.18E-07
-36612,1.226363744,3.3599E-06,,36612,0.116066496,3.18E-07
-36648,1.230403719,3.37097E-06,,36648,0.116066496,3.18E-07
-36684,1.234459677,3.38208E-06,,36684,0.116066496,3.18E-07
-36720,1.238043386,3.3919E-06,,36720,0.116066496,3.18E-07
-36756,1.242129578,3.40309E-06,,36756,0.116066496,3.18E-07
-36792,1.246231946,3.41433E-06,,36792,0.116066496,3.18E-07
-36828,1.250350559,3.42562E-06,,36828,0.116066496,3.18E-07
-36864,1.25398964,3.43559E-06,,36864,0.116066496,3.18E-07
-36900,1.258138982,3.44696E-06,,36900,0.116066496,3.18E-07
-36936,1.262304765,3.45837E-06,,36936,0.116066496,3.18E-07
-36972,1.266487059,3.46983E-06,,36972,0.116066496,3.18E-07
-37008,1.270182418,3.47995E-06,,37008,0.116066496,3.18E-07
-37044,1.274395944,3.4915E-06,,37044,0.116066496,3.18E-07
-37080,1.278626181,3.50309E-06,,37080,0.116066496,3.18E-07
-37116,1.282873199,3.51472E-06,,37116,0.116066496,3.18E-07
-37152,1.286625759,3.525E-06,,37152,0.116066496,3.18E-07
-37188,1.290904521,3.53672E-06,,37188,0.116066496,3.18E-07
-37224,1.295200267,3.54849E-06,,37224,0.116066496,3.18E-07
-37260,1.29951307,3.56031E-06,,37260,0.116066496,3.18E-07
-37296,1.303323768,3.57075E-06,,37296,0.116066496,3.18E-07
-37332,1.307668835,3.58265E-06,,37332,0.116066496,3.18E-07
-37368,1.312031165,3.59461E-06,,37368,0.116066496,3.18E-07
-37404,1.316410831,3.60661E-06,,37404,0.116066496,3.18E-07
-37440,1.320280621,3.61721E-06,,37440,0.116066496,3.18E-07
-37476,1.32469308,3.6293E-06,,37476,0.116066496,3.18E-07
-37512,1.329123086,3.64143E-06,,37512,0.116066496,3.18E-07
-37548,1.333570711,3.65362E-06,,37548,0.116066496,3.18E-07
-37584,1.337500563,3.66439E-06,,37584,0.116066496,3.18E-07
-37620,1.34198152,3.67666E-06,,37620,0.116066496,3.18E-07
-37656,1.346480312,3.68899E-06,,37656,0.116066496,3.18E-07
-37692,1.350997013,3.70136E-06,,37692,0.116066496,3.18E-07
-37728,1.354987911,3.7123E-06,,37728,0.116066496,3.18E-07
-37764,1.359538491,3.72476E-06,,37764,0.116066496,3.18E-07
-37800,1.364107199,3.73728E-06,,37800,0.116066496,3.18E-07
-37836,1.368694109,3.74985E-06,,37836,0.116066496,3.18E-07
-37872,1.372747057,3.76095E-06,,37872,0.116066496,3.18E-07
-37908,1.377368403,3.77361E-06,,37908,0.116066496,3.18E-07
-37944,1.382008174,3.78632E-06,,37944,0.116066496,3.18E-07
-37980,1.386666448,3.79909E-06,,37980,0.116066496,3.18E-07
-38016,1.390782464,3.81036E-06,,38016,0.116066496,3.18E-07
-38052,1.395475739,3.82322E-06,,38052,0.116066496,3.18E-07
-38088,1.400187742,3.83613E-06,,38088,0.116066496,3.18E-07
-38124,1.404918551,3.84909E-06,,38124,0.116066496,3.18E-07
-38160,1.409098673,3.86054E-06,,38160,0.116066496,3.18E-07
-38196,1.413865059,3.8736E-06,,38196,0.116066496,3.18E-07
-38232,1.418650481,3.88671E-06,,38232,0.116066496,3.18E-07
-38268,1.423455019,3.89988E-06,,38268,0.116066496,3.18E-07
-38304,1.427700301,3.91151E-06,,38304,0.116066496,3.18E-07
-38340,1.432541,3.92477E-06,,38340,0.116066496,3.18E-07
-38376,1.437401049,3.93809E-06,,38376,0.116066496,3.18E-07
-38412,1.442280528,3.95145E-06,,38412,0.116066496,3.18E-07
-38448,1.446592041,3.96327E-06,,38448,0.116066496,3.18E-07
-38484,1.451508277,3.97674E-06,,38484,0.116066496,3.18E-07
-38520,1.45644418,3.99026E-06,,38520,0.116066496,3.18E-07
-38556,1.461399834,4.00384E-06,,38556,0.116066496,3.18E-07
-38592,1.465778669,4.01583E-06,,38592,0.116066496,3.18E-07
-38628,1.470771684,4.02951E-06,,38628,0.116066496,3.18E-07
-38664,1.475784691,4.04325E-06,,38664,0.116066496,3.18E-07
-38700,1.480817773,4.05703E-06,,38700,0.116066496,3.18E-07
-38736,1.485265038,4.06922E-06,,38736,0.116066496,3.18E-07
-38772,1.490336098,4.08311E-06,,38772,0.116066496,3.18E-07
-38808,1.495427478,4.09706E-06,,38808,0.116066496,3.18E-07
-38844,1.500539265,4.11107E-06,,38844,0.116066496,3.18E-07
-38880,1.505056087,4.12344E-06,,38880,0.116066496,3.18E-07
-38916,1.510206477,4.13755E-06,,38916,0.116066496,3.18E-07
-38952,1.515377522,4.15172E-06,,38952,0.116066496,3.18E-07
-38988,1.520569309,4.16594E-06,,38988,0.116066496,3.18E-07
-39024,1.525781926,4.18022E-06,,39024,0.116066496,3.18E-07
-39060,1.530387862,4.19284E-06,,39060,0.116066496,3.18E-07
-39096,1.535639885,4.20723E-06,,39096,0.116066496,3.18E-07
-39132,1.540912992,4.22168E-06,,39132,0.116066496,3.18E-07
-39168,1.546207273,4.23618E-06,,39168,0.116066496,3.18E-07
-39204,1.550885382,4.249E-06,,39204,0.116066496,3.18E-07
-39240,1.556219718,4.26362E-06,,39240,0.116066496,3.18E-07
-39276,1.561575486,4.27829E-06,,39276,0.116066496,3.18E-07
-39312,1.566952778,4.29302E-06,,39312,0.116066496,3.18E-07
-39348,1.57170425,4.30604E-06,,39348,0.116066496,3.18E-07
-39384,1.577122258,4.32088E-06,,39384,0.116066496,3.18E-07
-39420,1.582562051,4.33579E-06,,39420,0.116066496,3.18E-07
-39456,1.588023723,4.35075E-06,,39456,0.116066496,3.18E-07
-39492,1.59284977,4.36397E-06,,39492,0.116066496,3.18E-07
-39528,1.598352829,4.37905E-06,,39528,0.116066496,3.18E-07
-39564,1.603878035,4.39419E-06,,39564,0.116066496,3.18E-07
-39600,1.609425479,4.40938E-06,,39600,0.116066496,3.18E-07
-39636,1.614327332,4.42281E-06,,39636,0.116066496,3.18E-07
-39672,1.619916848,4.43813E-06,,39672,0.116066496,3.18E-07
-39708,1.625528876,4.4535E-06,,39708,0.116066496,3.18E-07
-39744,1.63116351,4.46894E-06,,39744,0.116066496,3.18E-07
-39780,1.636142421,4.48258E-06,,39780,0.116066496,3.18E-07
-39816,1.641819822,4.49814E-06,,39816,0.116066496,3.18E-07
-39852,1.647520106,4.51375E-06,,39852,0.116066496,3.18E-07
-39888,1.653243371,4.52943E-06,,39888,0.116066496,3.18E-07
-39924,1.658300612,4.54329E-06,,39924,0.116066496,3.18E-07
-39960,1.66406735,4.55909E-06,,39960,0.116066496,3.18E-07
-39996,1.66985735,4.57495E-06,,39996,0.116066496,3.18E-07
-40032,1.675670709,4.59088E-06,,40032,0.116066496,3.18E-07
-40068,1.680807576,4.60495E-06,,40068,0.116066496,3.18E-07
-40104,1.686665128,4.621E-06,,40104,0.116066496,3.18E-07
-40140,1.692546326,4.63711E-06,,40140,0.116066496,3.18E-07
-40176,1.698451271,4.65329E-06,,40176,0.116066496,3.18E-07
-40212,1.70366908,4.66759E-06,,40212,0.116066496,3.18E-07
-40248,1.709618948,4.68389E-06,,40248,0.116066496,3.18E-07
-40284,1.715592853,4.70025E-06,,40284,0.116066496,3.18E-07
-40320,1.721590897,4.71669E-06,,40320,0.116066496,3.18E-07
-40356,1.726890988,4.73121E-06,,40356,0.116066496,3.18E-07
-40392,1.732934698,4.74777E-06,,40392,0.116066496,3.18E-07
-40428,1.739002844,4.76439E-06,,40428,0.116066496,3.18E-07
-40464,1.744364891,4.77908E-06,,40464,0.116066496,3.18E-07
-40500,1.750479263,4.79583E-06,,40500,0.116066496,3.18E-07
-40536,1.756618369,4.81265E-06,,40536,0.116066496,3.18E-07
-40572,1.762782316,4.82954E-06,,40572,0.116066496,3.18E-07
-40608,1.768229031,4.84446E-06,,40608,0.116066496,3.18E-07
-40644,1.774439969,4.86148E-06,,40644,0.116066496,3.18E-07
-40680,1.780676052,4.87856E-06,,40680,0.116066496,3.18E-07
-40716,1.786937385,4.89572E-06,,40716,0.116066496,3.18E-07
-40752,1.792470171,4.91088E-06,,40752,0.116066496,3.18E-07
-40788,1.798779274,4.92816E-06,,40788,0.116066496,3.18E-07
-40824,1.805113939,4.94552E-06,,40824,0.116066496,3.18E-07
-40860,1.811474272,4.96294E-06,,40860,0.116066496,3.18E-07
-40896,1.817094555,4.97834E-06,,40896,0.116066496,3.18E-07
-40932,1.82350345,4.9959E-06,,40932,0.116066496,3.18E-07
-40968,1.829938329,5.01353E-06,,40968,0.116066496,3.18E-07
-41004,1.836399303,5.03123E-06,,41004,0.116066496,3.18E-07
-41040,1.842108533,5.04687E-06,,41040,0.116066496,3.18E-07
-41076,1.848618873,5.06471E-06,,41076,0.116066496,3.18E-07
-41112,1.855155629,5.08262E-06,,41112,0.116066496,3.18E-07
-41148,1.861718912,5.1006E-06,,41148,0.116066496,3.18E-07
-41184,1.867518563,5.11649E-06,,41184,0.116066496,3.18E-07
-41220,1.874132031,5.13461E-06,,41220,0.116066496,3.18E-07
-41256,1.880772352,5.1528E-06,,41256,0.116066496,3.18E-07
-41292,1.88743964,5.17107E-06,,41292,0.116066496,3.18E-07
-41328,1.893331212,5.18721E-06,,41328,0.116066496,3.18E-07
-41364,1.900049518,5.20562E-06,,41364,0.116066496,3.18E-07
-41400,1.906795122,5.2241E-06,,41400,0.116066496,3.18E-07
-41436,1.913568141,5.24265E-06,,41436,0.116066496,3.18E-07
-41472,1.919553159,5.25905E-06,,41472,0.116066496,3.18E-07
-41508,1.926378042,5.27775E-06,,41508,0.116066496,3.18E-07
-41544,1.933230676,5.29652E-06,,41544,0.116066496,3.18E-07
-41580,1.940111181,5.31537E-06,,41580,0.116066496,3.18E-07
-41616,1.946191194,5.33203E-06,,41616,0.116066496,3.18E-07
-41652,1.953124423,5.35103E-06,,41652,0.116066496,3.18E-07
-41688,1.960085865,5.3701E-06,,41688,0.116066496,3.18E-07
-41724,1.967075639,5.38925E-06,,41724,0.116066496,3.18E-07
-41760,1.973252226,5.40617E-06,,41760,0.116066496,3.18E-07
-41796,1.9802956,5.42547E-06,,41796,0.116066496,3.18E-07
-41832,1.987367655,5.44484E-06,,41832,0.116066496,3.18E-07
-41868,1.994468513,5.4643E-06,,41868,0.116066496,3.18E-07
-41904,2.000743278,5.48149E-06,,41904,0.116066496,3.18E-07
-41940,2.007898626,5.50109E-06,,41940,0.116066496,3.18E-07
-41976,2.015083131,5.52078E-06,,41976,0.116066496,3.18E-07
-42012,2.022296918,5.54054E-06,,42012,0.116066496,3.18E-07
-42048,2.028671491,5.558E-06,,42048,0.116066496,3.18E-07
-42084,2.035940674,5.57792E-06,,42084,0.116066496,3.18E-07
-42120,2.043239498,5.59792E-06,,42120,0.116066496,3.18E-07
-42156,2.050568091,5.61799E-06,,42156,0.116066496,3.18E-07
-42192,2.057044131,5.63574E-06,,42192,0.116066496,3.18E-07
-42228,2.06442904,5.65597E-06,,42228,0.116066496,3.18E-07
-42264,2.071844084,5.67629E-06,,42264,0.116066496,3.18E-07
-42300,2.07928939,5.69668E-06,,42300,0.116066496,3.18E-07
-42336,2.085868584,5.71471E-06,,42336,0.116066496,3.18E-07
-42372,2.093371143,5.73526E-06,,42372,0.116066496,3.18E-07
-42408,2.100904338,5.7559E-06,,42408,0.116066496,3.18E-07
-42444,2.108468299,5.77663E-06,,42444,0.116066496,3.18E-07
-42480,2.115152362,5.79494E-06,,42480,0.116066496,3.18E-07
-42516,2.122774528,5.81582E-06,,42516,0.116066496,3.18E-07
-42552,2.130427839,5.83679E-06,,42552,0.116066496,3.18E-07
-42588,2.138112429,5.85784E-06,,42588,0.116066496,3.18E-07
-42624,2.144903105,5.87645E-06,,42624,0.116066496,3.18E-07
-42660,2.152646867,5.89766E-06,,42660,0.116066496,3.18E-07
-42696,2.160422293,5.91897E-06,,42696,0.116066496,3.18E-07
-42732,2.168229518,5.94035E-06,,42732,0.116066496,3.18E-07
-42768,2.175128581,5.95926E-06,,42768,0.116066496,3.18E-07
-42804,2.182995963,5.98081E-06,,42804,0.116066496,3.18E-07
-42840,2.190895536,6.00245E-06,,42840,0.116066496,3.18E-07
-42876,2.198827437,6.02418E-06,,42876,0.116066496,3.18E-07
-42912,2.205836691,6.04339E-06,,42912,0.116066496,3.18E-07
-42948,2.213829751,6.06529E-06,,42948,0.116066496,3.18E-07
-42984,2.221855538,6.08728E-06,,42984,0.116066496,3.18E-07
-43020,2.22991419,6.10935E-06,,43020,0.116066496,3.18E-07
-43056,2.237035471,6.12886E-06,,43056,0.116066496,3.18E-07
-43092,2.245156301,6.15111E-06,,43092,0.116066496,3.18E-07
-43128,2.253310402,6.17345E-06,,43128,0.116066496,3.18E-07
-43164,2.261497917,6.19588E-06,,43164,0.116066496,3.18E-07
-43200,2.26873309,6.21571E-06,,43200,0.116066496,3.18E-07
