P_AC_out_only_PE,,,P_Ac_in_only_PE,
0,0,,0,0
-36,31.8536237,,36,36
-72,57.14245554,,72,72
-108,77.70569294,,108,108
-144,94.78684599,,144,144
-180,109.1609778,,180,180
-216,121.4373338,,216,216
-252,132.0435681,,252,252
-288,141.3710202,,288,276.0618889
-324,149.5257597,,324,276.0505308
-360,156.7588985,,360,276.0391747
-396,163.2180997,,396,276.0278204
-432,169.1246957,,432,277.5035978
-468,174.3729855,,468,277.492186
-504,179.1371245,,504,277.480776
-540,183.4810085,,540,277.469368
-576,187.5849985,,576,278.7564466
-612,191.2441762,,612,278.7449889
-648,194.6180647,,648,278.7335331
-684,197.7386719,,684,278.7220792
-720,200.7788834,,720,278.8104363
-756,203.4752322,,756,278.798982
-792,205.9894616,,792,278.7875297
-828,208.3393411,,828,278.7760791
-864,210.7003332,,864,278.8644233
-900,212.76937,,900,278.8529725
-936,214.7150786,,936,278.8415235
-972,216.5481041,,972,278.8300764
-1008,218.4494975,,1008,278.9184077
-1044,220.0870816,,1044,278.9069602
-1080,221.6372761,,1080,278.8955147
-1116,223.1068441,,1116,278.8840709
-1152,224.6830646,,1152,278.9723892
-1188,226.0111882,,1188,278.9609451
-1224,227.2751234,,1224,278.949503
-1260,228.4793722,,1260,278.9380628
-1296,229.8172492,,1296,279.3677871
-1332,230.9158539,,1332,279.3563326
-1368,231.9659161,,1368,279.3448799
-1404,232.9705491,,1404,279.3334289
-1440,234.1286359,,1440,280.2762847
-1476,235.0522919,,1476,280.2647984
-1512,235.9383405,,1512,280.2533141
-1548,236.789003,,1548,280.2418316
-1584,237.8082009,,1584,281.1845013
-1620,238.5954331,,1620,281.1729834
-1656,239.3529312,,1656,281.1614674
-1692,240.0823231,,1692,281.1499533
-1728,240.9920546,,1728,282.0924371
-1764,241.6708374,,1764,282.0808876
-1800,242.3256994,,1800,282.0693402
-1836,242.957861,,1836,282.0577945
-1872,243.7798257,,1872,283.0000924
-1908,244.3709634,,1908,282.9885114
-1944,244.9425667,,1944,282.9769324
-1980,245.4955688,,1980,282.9653553
-2016,246.2461147,,2016,283.9074675
-2052,246.7654019,,2052,283.8958552
-2088,247.268527,,2088,283.8842446
-2124,247.7562156,,2124,283.872636
-2160,248.4478903,,2160,284.8145627
-2196,248.9075344,,2196,284.8029188
-2232,249.3536518,,2232,284.7912769
-2268,249.7868157,,2268,284.7796368
-2304,250.4294067,,2304,285.7213782
-2340,250.8389924,,2340,285.7097029
-2376,251.2371413,,2376,285.6980296
-2412,251.6243116,,2412,285.6863582
-2448,252.2255639,,2448,286.6279142
-2484,252.592722,,2484,286.6162076
-2520,252.9501215,,2520,286.604503
-2556,253.2981341,,2556,286.5928002
-2592,253.8642549,,2592,287.5341712
-2628,254.1951363,,2628,287.5224333
-2664,254.517623,,2664,287.5106972
-2700,254.832019,,2700,287.4989632
-2736,255.3680405,,2736,288.4401492
-2772,255.6676586,,2772,288.42838
-2808,255.9600018,,2808,288.4166128
-2844,256.2453213,,2844,288.4048475
-2880,257.0025887,,2880,289.3458486
-2916,257.2756078,,2916,289.3340482
-2952,257.5422681,,2952,289.3222497
-2988,257.8027798,,2988,289.3104531
-3024,258.9830287,,3024,290.2512696
-3060,259.2336676,,3060,290.239438
-3096,259.4786962,,3096,290.2276084
-3132,259.7182919,,3132,290.2157807
-3168,260.8848059,,3168,291.1564126
-3204,261.1157286,,3204,291.1445498
-3240,261.3416734,,3240,291.132689
-3276,261.5627912,,3276,291.1208302
-3312,262.7173855,,3312,292.0612777
-3348,262.9308432,,3348,292.0493839
-3384,263.1398611,,3384,292.0374919
-3420,263.3445688,,3420,292.025602
-3456,264.4887653,,3456,292.9658652
-3492,264.6866735,,3492,292.9539404
-3528,264.8806033,,3528,292.9420174
-3564,265.0706661,,3564,292.9300963
-3600,266.205749,,3600,293.8701755
-3636,266.3897487,,3636,293.8582195
-3672,266.5701674,,3672,293.8462655
-3708,266.747102,,3708,293.8343135
-3744,267.8741616,,3744,294.7742086
-3780,268.0456665,,3780,294.7622217
-3816,268.2139351,,3816,294.7502368
-3852,268.3790518,,3852,294.7382537
-3888,269.499019,,3888,295.677965
-3924,269.6592541,,3924,295.6659472
-3960,269.8165532,,3960,295.6539313
-3996,269.9709903,,3996,295.6419173
-4032,271.0846638,,4032,296.6837814
-4068,271.2346957,,4068,296.6717284
-4104,271.3820547,,4104,296.6596775
-4140,271.5268062,,4140,296.6476285
-4176,272.6348744,,4176,298.0453104
-4212,272.7756366,,4212,298.033208
-4248,272.9139576,,4248,298.0211076
-4284,273.0498947,,4284,298.0090092
-4320,274.152954,,4320,299.4064169
-4356,274.2852672,,4356,299.3942651
-4392,274.4153435,,4392,299.3821152
-4428,274.5432341,,4428,299.3699674
-4464,275.6418031,,4464,300.7671013
-4500,275.7663915,,4500,300.7549001
-4536,275.8889244,,4536,300.7427009
-4572,276.0094474,,4572,300.7305037
-4608,277.1039785,,4608,302.1273639
-4644,277.2214839,,4644,302.1151134
-4680,277.3370954,,4680,302.1028649
-4716,277.4508538,,4716,302.0906184
-4752,278.5417437,,4752,303.4872051
-4788,278.6527368,,4788,303.4749054
-4824,278.7619806,,4824,303.4626077
-4860,278.8695114,,4860,303.450312
-4896,279.9571086,,4896,304.8466254
-4932,280.0620991,,4932,304.8342765
-4968,280.1654696,,4968,304.8219296
-5004,280.2672531,,5004,304.8095848
-5040,281.3518651,,5040,306.2056251
-5076,281.4513091,,5076,306.1932271
-5112,281.5492497,,5112,306.1808312
-5148,281.6457164,,5148,306.1684372
-5184,282.7276152,,5184,307.5642046
-5220,282.8219226,,5220,307.5517576
-5256,282.9148316,,5256,307.5393125
-5292,283.006369,,5292,307.5268696
-5328,284.0857958,,5328,308.9223643
-5364,284.1753358,,5364,308.9098684
-5400,284.2635724,,5400,308.8973743
-5436,284.3505301,,5436,308.8848824
-5472,285.4276993,,5472,310.2801047
-5508,285.5128055,,5508,310.2675598
-5544,285.5966944,,5544,310.2550169
-5580,285.6793884,,5580,310.242476
-5616,286.7544915,,5616,311.6374261
-5652,286.8354659,,5652,311.6248324
-5688,286.9153014,,5688,311.6122407
-5724,286.9940185,,5724,311.5996509
-5760,288.0672265,,5760,312.9943289
-5796,288.1443434,,5796,312.9816864
-5832,288.220393,,5832,312.9690458
-5868,288.2953939,,5868,312.9564074
-5904,289.3668599,,5904,314.3508135
-5940,289.440369,,5940,314.3381222
-5976,289.5128761,,5976,314.3254331
-6012,289.5843984,,6012,314.3127459
-6048,290.6542601,,6048,315.7068804
-6084,290.7243892,,6084,315.6941404
-6120,290.7935762,,6120,315.6814025
-6156,290.8618367,,6156,315.6686666
-6192,292.0418545,,6192,317.0625297
-6228,292.1088681,,6228,317.0497412
-6264,292.174994,,6264,317.0369547
-6300,292.2402464,,6300,317.0241703
-6336,293.9432006,,6336,318.4177621
-6372,294.0075379,,6372,318.404925
-6408,294.0710344,,6408,318.39209
-6444,294.1337034,,6444,318.379257
-6480,295.8363362,,6480,319.7725778
-6516,295.8981475,,6516,319.7596922
-6552,295.9591614,,6552,319.7468088
-6588,296.0193901,,6588,319.7339274
-6624,297.721736,,6624,321.1269772
-6660,297.7811597,,6660,321.1140433
-6696,297.8398259,,6696,321.1011114
-6732,297.8977465,,6732,321.0881816
-6768,299.5998356,,6768,322.4809609
-6804,299.6569991,,6804,322.4679785
-6840,299.7134425,,6840,322.4549984
-6876,299.7691766,,6876,322.4420202
-6912,301.4710351,,6912,323.834529
-6948,301.5260565,,6948,323.8214985
-6984,301.5803924,,6984,323.80847
-7020,301.6340529,,7020,323.7954435
-7056,303.3357032,,7056,325.1876821
-7092,303.3886917,,7092,325.1746034
-7128,303.4410268,,7128,325.1615266
-7164,303.4927182,,7164,325.148452
-7200,305.19418,,7200,326.5404206
-7236,305.2452368,,7236,326.5272935
-7272,305.2956703,,7272,326.5141687
-7308,305.3454894,,7308,326.5010459
-7344,307.0467796,,7344,327.8927446
-7380,307.0959987,,7380,327.8795696
-7416,307.1446227,,7416,327.8663966
-7452,307.1926595,,7452,327.8532257
-7488,308.8937925,,7488,329.262208
-7524,308.9412615,,7524,329.2489843
-7560,308.9881615,,7560,329.2357626
-7596,309.0345,,7596,329.2225429
-7632,310.7354882,,7632,331.4312073
-7668,310.7812885,,7668,331.4179026
-7704,310.8265442,,7704,331.4046
-7740,310.8712625,,7740,331.3912997
-7776,312.5721165,,7776,333.5999963
-7812,312.6163241,,7812,333.586611
-7848,312.66001,,7848,333.5732276
-7884,312.703181,,7884,333.5598465
-7920,314.4039097,,7920,335.7681166
-7956,314.4465954,,7956,335.7546506
-7992,314.488781,,7992,335.7411866
-8028,314.5304729,,8028,335.7277249
-8064,316.2310837,,8064,337.9355688
-8100,316.2723141,,8100,337.9220222
-8136,316.3130644,,8136,337.9084777
-8172,316.3533408,,8172,337.8949354
-8208,318.0538399,,8208,340.1023534
-8244,318.0936769,,8244,340.0887264
-8280,318.1330529,,8280,340.0751014
-8316,318.1719737,,8316,340.0614788
-8352,319.8723659,,8352,342.2684711
-8388,319.9108678,,8388,342.2547637
-8424,319.9489267,,8424,342.2410585
-8460,319.9865477,,8460,342.2273555
-8496,321.6868373,,8496,344.4339226
-8532,321.7240587,,8532,344.4201349
-8568,321.7608538,,8568,344.4063495
-8604,321.7972278,,8604,344.3925662
-8640,323.4974177,,8640,346.5987083
-8676,323.5334099,,8676,346.5848405
-8712,323.5689918,,8712,346.570975
-8748,323.6041681,,8748,346.5571117
-8784,325.3042608,,8784,348.762829
-8820,325.3390719,,8820,348.7488812
-8856,325.3734879,,8856,348.7349356
-8892,325.407513,,8892,348.7209922
-8928,327.1075099,,8928,350.9262854
-8964,327.1411856,,8964,350.9122576
-9000,327.1744802,,9000,350.8982321
-9036,327.2073981,,9036,350.8842088
-9072,328.9073001,,9072,353.0890779
-9108,328.9398831,,9108,353.0749703
-9144,328.9720985,,9144,353.0608649
-9180,329.0039502,,9180,353.0467618
-9216,330.7037579,,9216,355.2512072
-9252,330.7352885,,9252,355.2370198
-9288,330.7664643,,9288,355.2228348
-9324,330.797289,,9324,355.208652
-9360,332.4970022,,9360,357.4126739
-9396,332.5275186,,9396,357.3984069
-9432,332.5576922,,9432,357.3841423
-9468,332.5875268,,9468,357.3698798
-9504,334.2871448,,9504,359.5734786
-9540,334.3166831,,9540,359.5591322
-9576,334.3458899,,9576,359.544788
-9612,334.374769,,9612,359.530446
-9648,336.0742913,,9648,361.7336221
-9684,336.1028853,,9684,361.7191962
-9720,336.131159,,9720,361.7047725
-9756,336.1591154,,9756,361.6903512
-9792,337.8585405,,9792,363.8931047
-9828,337.8862227,,9828,363.8785995
-9864,337.9135948,,9864,363.8640966
-9900,337.9406598,,9900,363.8495959
-9936,339.6399862,,9936,366.0519273
-9972,339.6667871,,9972,366.0373428
-10008,339.6932877,,10008,366.0227606
-10044,339.719491,,10044,366.0081808
-10080,341.4187168,,10080,368.2100903
-10116,341.4446653,,10116,368.1954267
-10152,341.4703229,,10152,368.1807654
-10188,341.4956925,,10188,368.1661064
-10224,343.1948155,,10224,370.3675944
-10260,343.2199392,,10260,370.3528517
-10296,343.2447809,,10296,370.3381114
-10332,343.2693434,,10332,370.3233735
-10368,344.9683615,,10368,372.5244402
-10404,344.9926865,,10404,372.5096186
-10440,345.0167379,,10440,372.4947994
-10476,345.0405185,,10476,372.4799825
-10512,346.7394294,,10512,374.6806284
-10548,346.7629804,,10548,374.6657279
-10584,346.7862659,,10584,374.6508299
-10620,346.8092886,,10620,374.6359342
-10656,348.5080896,,10656,376.8361594
-10692,348.5308902,,10692,376.8211802
-10728,348.5534331,,10728,376.8062034
-10764,348.5757209,,10764,376.791229
-10800,350.2744092,,10800,378.9910339
-10836,350.2964819,,10836,378.9759761
-10872,350.3183044,,10872,378.9609207
-10908,350.3398789,,10908,378.9458676
-10944,352.0384517,,10944,381.1452525
-10980,352.0598179,,10980,381.1301163
-11016,352.0809408,,11016,381.1149822
-11052,352.101823,,11052,381.0998507
-11088,353.8002772,,11088,383.298816
-11124,353.8209573,,11124,383.2836011
-11160,353.8414009,,11160,383.2683888
-11196,353.8616102,,11196,383.2531788
-11232,355.5599431,,11232,385.4517246
-11268,355.5799564,,11268,385.4364315
-11304,355.5997397,,11304,385.4211408
-11340,355.6192953,,11340,385.4058525
-11376,357.3175036,,11376,387.6039793
-11412,357.3368686,,11412,387.5886079
-11448,357.35601,,11448,387.5732389
-11484,357.3749297,,11484,387.5578725
-11520,359.0730102,,11520,389.7555804
-11556,359.0917447,,11556,389.7401309
-11592,359.1102616,,11592,389.7246838
-11628,359.1285626,,11628,389.7092391
-11664,360.8265122,,11664,391.9065287
-11700,360.8446331,,11700,391.8910011
-11736,360.8625421,,11736,391.875476
-11772,360.8802408,,11772,391.8599533
-11808,362.5780561,,11808,394.0568248
-11844,362.5955798,,11844,394.0412192
-11880,362.6128967,,11880,394.0256161
-11916,362.630009,,11916,394.0100155
-11952,364.3276868,,11952,396.2064691
-11988,364.3446284,,11988,396.1907857
-12024,364.3613686,,12024,396.1751047
-12060,364.3779093,,12060,396.1594263
-12096,366.0754463,,12096,398.3554622
-12132,366.0918208,,12132,398.3397011
-12168,366.1079989,,12168,398.3239425
-12204,366.1239824,,12204,398.3081863
-12240,367.8213753,,12240,400.503805
-12276,367.8371967,,12276,400.4879662
-12312,367.8528267,,12312,400.4721299
-12348,367.8682668,,12348,400.4562961
-12384,369.5655122,,12384,402.6514979
-12420,369.5807942,,12420,402.6355815
-12456,369.5958894,,12456,402.6196677
-12492,369.6107994,,12492,402.6037563
-12528,371.307894,,12528,404.7985415
-12564,371.3226495,,12564,404.7825476
-12600,371.3372227,,12600,404.7665563
-12636,371.3516151,,12636,404.7505676
-12672,373.0485556,,12672,406.9449364
-12708,373.0627972,,12708,406.9288651
-12744,373.0768607,,12744,406.9127965
-12780,373.0907477,,12780,406.8967303
-12816,375.0027122,,12816,409.0906831
-12852,375.0164774,,12852,409.0745346
-12888,375.0300686,,12888,409.0583887
-12924,375.0434874,,12924,409.0422453
-12960,377.3834241,,12960,411.2357824
-12996,377.3967736,,12996,411.2195567
-13032,377.4099525,,13032,411.2033336
-13068,377.4229623,,13068,411.187113
-13104,379.7626865,,13104,413.3802346
-13140,379.7756278,,13140,413.3639319
-13176,379.7884019,,13176,413.3476317
-13212,379.8010101,,13212,413.3313341
-13248,382.1405149,,13248,415.5240407
-13284,382.1530554,,13284,415.5076609
-13320,382.1654319,,13320,415.4912837
-13356,382.1776455,,13356,415.4749091
-13392,384.5169244,,13392,417.6672008
-13428,384.529071,,13428,417.6507442
-13464,384.5410566,,13464,417.6342902
-13500,384.5528826,,13500,417.6178388
-13536,386.8919288,,13536,419.8097159
-13572,386.9036883,,13572,419.7931825
-13608,386.9152899,,13608,419.7766516
-13644,386.9267348,,13644,419.7601234
-13680,389.2655418,,13680,421.9515864
-13716,389.2769208,,13716,421.9349763
-13752,389.2881447,,13752,421.9183688
-13788,389.2992148,,13788,421.9017638
-13824,391.6377765,,13824,424.0928129
-13860,391.6487811,,13860,424.0761262
-13896,391.6596335,,13896,424.0594421
-13932,391.6703349,,13932,424.0427605
-13968,394.0086451,,13968,426.233396
-14004,394.0192815,,14004,426.2166327
-14040,394.0297683,,14040,426.1998722
-14076,394.0401069,,14076,426.1831141
-14112,396.3781596,,14112,428.3733363
-14148,396.3884335,,14148,428.3564966
-14184,396.3985606,,14184,428.3396596
-14220,396.408542,,14220,428.3228252
-14256,398.7463314,,14256,430.5126343
-14292,398.7562485,,14292,430.4957183
-14328,398.7660214,,14328,430.4788049
-14364,398.775651,,14364,430.4618942
-14400,401.1131714,,14400,432.6512907
-14436,401.1227371,,14436,432.6342984
-14472,401.1321611,,14472,432.6173089
-14508,401.1414443,,14508,432.600322
-14544,403.4786902,,14544,434.8949737
-14580,403.4879097,,14580,434.8779012
-14616,403.4969899,,14616,434.8608315
-14652,403.5059318,,14652,434.8437643
-14688,405.8428976,,14688,437.5674697
-14724,405.8517761,,14724,437.5503002
-14760,405.8605174,,14760,437.5331333
-14796,405.8691229,,14796,437.5159691
-14832,408.2058034,,14832,440.2391634
-14868,408.2143456,,14868,440.2218969
-14904,408.2227531,,14904,440.2046332
-14940,408.2310268,,14940,440.1873721
-14976,410.5674168,,14976,442.9100558
-15012,410.5756275,,15012,442.8926924
-15048,410.5837057,,15048,442.8753318
-15084,410.5916523,,15084,442.8579739
-15120,412.9277466,,15120,445.5801471
-15156,412.9356304,,15156,445.5626871
-15192,412.9433838,,15192,445.5452299
-15228,412.9510078,,15228,445.5277753
-15264,415.2868015,,15264,448.2494386
-15300,415.2943627,,15300,448.231882
-15336,415.3017958,,15336,448.2143282
-15372,415.3091013,,15372,448.196777
-15408,417.6445896,,15408,450.9179307
-15444,417.6518325,,15444,450.9002776
-15480,417.6589493,,15480,450.8826273
-15516,417.6659406,,15516,450.8649797
-15552,420.0011186,,15552,453.5856242
-15588,420.0080475,,15588,453.5678747
-15624,420.014852,,15624,453.550128
-15660,420.0215331,,15660,453.5323841
-15696,422.3563963,,15696,456.2525197
-15732,422.3630149,,15732,456.2346741
-15768,422.3695113,,15768,456.2168312
-15804,422.375886,,15804,456.1989911
-15840,424.7104298,,15840,458.9186181
-15876,424.7167422,,15876,458.9006763
-15912,424.7229341,,15912,458.8827374
-15948,424.7290063,,15948,458.8648011
-15984,427.0632261,,15984,461.58392
-16020,427.069236,,16020,461.5658822
-16056,427.0751271,,16056,461.5478473
-16092,427.0809004,,16092,461.5298151
-16128,429.414792,,16128,464.2484261
-16164,429.4205029,,16164,464.2302925
-16200,429.4260969,,16200,464.2121617
-16236,429.4315748,,16236,464.1940337
-16272,431.7651339,,16272,466.9121374
-16308,431.7705493,,16308,466.8939079
-16344,431.7758496,,16344,466.8756813
-16380,431.7810356,,16380,466.8574576
-16416,434.1142578,,16416,469.5750542
-16452,434.1193813,,16452,469.5567292
-16488,434.1243913,,16488,469.5384069
-16524,434.1292886,,16524,469.5200876
-16560,436.46217,,16560,472.2371774
-16596,436.4670048,,16596,472.2187569
-16632,436.4717278,,16632,472.2003391
-16668,436.4763396,,16668,472.1819243
-16704,438.8088761,,16704,474.8985077
-16740,438.8134254,,16740,474.8799918
-16776,438.8178644,,16776,474.8614787
-16812,438.8221939,,16812,474.8429684
-16848,441.1543817,,16848,477.5590459
-16884,441.1586485,,16884,477.5404348
-16920,441.1628067,,16920,477.5218263
-16956,441.1668569,,16956,477.5032208
-16992,443.498692,,16992,480.2187927
-17028,443.5026794,,17028,480.2000862
-17064,443.5065597,,17064,480.1813827
-17100,443.5103335,,17100,480.162682
-17136,445.8418121,,17136,482.8777487
-17172,445.8455232,,17172,482.8589472
-17208,445.8491284,,17208,482.8401486
-17244,445.8526287,,17244,482.8213528
-17280,448.1837471,,17280,485.5359146
-17316,448.1871845,,17316,485.5170182
-17352,448.1905177,,17352,485.4981246
-17388,448.1937471,,17388,485.4792339
-17424,450.5245017,,17424,488.1932911
-17460,450.5276682,,17460,488.1742999
-17496,450.5307319,,17496,488.1553116
-17532,450.5336932,,17532,488.1363262
-17568,452.8640805,,17568,490.8498791
-17604,452.8669787,,17604,490.8307931
-17640,452.8697755,,17640,490.81171
-17676,452.8724715,,17676,490.7926299
-17712,455.2024878,,17712,493.5056791
-17748,455.2051205,,17748,493.4864986
-17784,455.207653,,17784,493.4673209
-17820,455.2100859,,17820,493.4481462
-17856,457.539728,,17856,496.1606919
-17892,457.5420976,,17892,496.1414169
-17928,457.5443682,,17928,496.1221447
-17964,457.5465407,,17964,496.1028757
-18000,459.8758051,,18000,498.8149182
-18036,459.8779141,,18036,498.7955487
-18072,459.8799254,,18072,498.7761823
-18108,459.8818396,,18108,498.7568188
-18144,462.2107231,,18144,501.4683587
-18180,462.2125737,,18180,501.448895
-18216,462.214328,,18216,501.4294342
-18252,462.2159865,,18252,501.4099766
-18288,464.5444858,,18288,504.121014
-18324,464.5460805,,18324,504.1014562
-18360,464.5475801,,18360,504.0819013
-18396,464.548985,,18396,504.0623495
-18432,466.8770968,,18432,506.7728849
-18468,466.8784378,,18468,506.7532331
-18504,466.8796848,,18504,506.7335842
-18540,466.8808384,,18540,506.7139384
-18576,469.2085597,,18576,509.4239721
-18612,469.2096492,,18612,509.4042263
-18648,469.2106459,,18648,509.3844836
-18684,469.2115503,,18684,509.3647438
-18720,471.538878,,18720,512.0742763
-18756,471.539718,,18756,512.0544367
-18792,471.5404664,,18792,512.0346002
-18828,471.5411236,,18828,512.0147667
-18864,473.8680547,,18864,514.7237981
-18900,473.8686475,,18900,514.7038649
-18936,473.8691496,,18936,514.6839347
-18972,473.8695618,,18972,514.6640075
-19008,476.1960933,,19008,517.3725383
-19044,476.1964407,,19044,517.3525115
-19080,476.1966986,,19080,517.3324878
-19116,476.1968676,,19116,517.3124671
-19152,478.5229967,,19152,520.0204976
-19188,478.5231007,,19188,520.0003773
-19224,478.5231163,,19224,519.9802601
-19260,478.5230441,,19260,519.960146
-19296,480.8487678,,19296,522.6676766
-19332,480.8486303,,19332,522.647463
-19368,480.8484056,,19368,522.6272525
-19404,480.848094,,19404,522.607045
-19440,483.6167213,,19440,525.3140761
-19476,483.6163648,,19476,525.2937692
-19512,483.6159218,,19512,525.2734655
-19548,483.6153928,,19548,525.2531649
-19584,486.4146619,,19584,527.9596967
-19620,486.4140889,,19620,527.9392967
-19656,486.4134301,,19656,527.9188999
-19692,486.4126861,,19692,527.8985062
-19728,489.2113815,,19728,530.6045391
-19764,489.2105927,,19764,530.5840461
-19800,489.2097191,,19800,530.5635564
-19836,489.2087611,,19836,530.5430696
-19872,492.0068806,,19872,533.2486042
-19908,492.0058764,,19908,533.2280183
-19944,492.0047887,,19944,533.2074356
-19980,492.0036178,,19980,533.186856
-20016,494.801159,,20016,535.8918923
-20052,494.7999409,,20052,535.8712137
-20088,494.79864,,20088,535.8505382
-20124,494.7972569,,20124,535.8298659
-20160,497.5942165,,20160,538.5344044
-20196,497.5927858,,20196,538.5136331
-20232,497.5912731,,20232,538.492865
-20268,497.5896781,,20268,538.4721
-20304,500.3860549,,20304,541.1761411
-20340,500.3844119,,20340,541.1552772
-20376,500.3826878,,20376,541.1344165
-20412,500.3808812,,20412,541.113559
-20448,503.176674,,20448,543.817103
-20484,503.17482,,20484,543.7961467
-20520,503.1728838,,20520,543.7751936
-20556,503.170868,,20556,543.7542437
-20592,505.9660736,,20592,546.4572909
-20628,505.9640079,,20628,546.4362423
-20664,505.9618629,,20664,546.4151968
-20700,505.9596381,,20700,546.3941544
-20736,508.7542533,,20736,549.0967056
-20772,508.7519792,,20772,549.0755649
-20808,508.7496246,,20808,549.0544266
-20844,508.7471901,,20844,549.0332923
-20880,511.5412147,,20880,551.7353467
-20916,511.5387305,,20916,551.7141146
-20952,511.5361677,,20952,551.6928841
-20988,511.5335267,,20988,551.6716579
-21024,514.3269575,,21024,554.3732173
-21060,514.3242654,,21060,554.3518919
-21096,514.3214945,,21096,554.3305704
-21132,514.3186463,,21132,554.3092515
-21168,517.111481,,21168,557.0103155
-21204,517.1085813,,21204,556.9888988
-21240,517.1056036,,21240,556.9674854
-21276,517.1025485,,21276,556.946075
-21312,519.8947868,,21312,559.6466432
-21348,519.8916797,,21348,559.6251344
-21384,519.8884954,,21384,559.6036292
-21420,519.8852346,,21420,559.5821272
-21456,522.6768732,,21456,562.2822013
-21492,522.6735599,,21492,562.2606014
-21528,522.6701703,,21528,562.2390045
-21564,522.6667039,,21564,562.21741
-21600,525.4577416,,21600,564.9169896
-21636,525.4542223,,21636,564.8952978
-21672,525.4506275,,21672,564.8736092
-21708,525.4469578,,21708,564.8519244
-21744,528.2373922,,21744,568.0392852
-21780,528.2336671,,21780,568.0174835
-21816,528.2298683,,21816,567.9956843
-21852,528.2259945,,21852,567.9738891
-21888,531.0158232,,21888,571.3666939
-21924,531.0118945,,21924,571.3447735
-21960,531.0078909,,21960,571.3228568
-21996,531.0038141,,21996,571.3009435
-22032,533.7930369,,22032,574.6931307
-22068,533.7889036,,22068,574.6710925
-22104,533.7846974,,22104,574.6490584
-22140,533.7804177,,22140,574.6270268
-22176,536.5690312,,22176,578.0185968
-22212,536.5646956,,22212,577.9964418
-22248,536.5602859,,22248,577.9742891
-22284,536.5558044,,22284,577.9521404
-22320,539.3438072,,22320,581.3430935
-22356,539.3392684,,22356,581.3208207
-22392,539.3346572,,22392,581.2985504
-22428,539.3299742,,22428,581.2762843
-22464,539.3252188,,22464,581.254021
-22500,542.112624,,22500,584.6442312
-22536,542.1078115,,22536,584.6218443
-22572,542.102927,,22572,584.5994599
-22608,542.0979709,,22608,584.5770794
-22644,544.8847612,,22644,587.9666737
-22680,544.8797476,,22680,587.944169
-22716,544.8746627,,22716,587.921668
-22752,544.8695069,,22752,587.8991704
-22788,547.655681,,22788,591.28815
-22824,547.6504663,,22824,591.2655285
-22860,547.645181,,22860,591.24291
-22896,547.6398267,,22896,591.220295
-22932,550.4253811,,22932,594.6086593
-22968,550.4199673,,22968,594.5859208
-23004,550.4144828,,23004,594.5631856
-23040,550.408929,,23040,594.5404532
-23076,553.1938642,,23076,597.9282045
-23112,553.1882494,,23112,597.905348
-23148,553.1825666,,23148,597.882496
-23184,553.1768144,,23184,597.8596479
-23220,555.961127,,23220,601.2467846
-23256,555.9553142,,23256,601.2238119
-23292,555.9494322,,23292,601.2008429
-23328,555.9434826,,23328,601.1778771
-23364,558.7271721,,23364,604.5644004
-23400,558.7211602,,23400,604.5413113
-23436,558.7150811,,23436,604.5182262
-23472,558.7089331,,23472,604.4951436
-23508,561.4919979,,23508,607.8810547
-23544,561.4857881,,23544,607.8578491
-23580,561.4795108,,23580,607.8346467
-23616,561.4731654,,23616,607.8114481
-23652,564.255604,,23652,611.1967464
-23688,564.2491973,,23688,611.1734241
-23724,564.2427228,,23724,611.1501063
-23760,564.236181,,23760,611.1267914
-23796,567.0179908,,23796,614.5114771
-23832,567.0113871,,23832,614.488039
-23868,567.0047154,,23868,614.4646045
-23904,566.9979771,,23904,614.4411732
-23940,569.7791587,,23940,617.8252476
-23976,569.7723569,,23976,617.8016933
-24012,569.7654889,,24012,617.778143
-24048,569.7585551,,24048,617.7545961
-24084,572.5391059,,24084,621.1380584
-24120,572.532108,,24120,621.1143888
-24156,572.5250437,,24156,621.0907224
-24192,572.5179153,,24192,621.0670597
-24228,575.2978326,,24228,624.4499111
-24264,575.2906386,,24264,624.426125
-24300,575.2833798,,24300,624.4023433
-24336,575.2760548,,24336,624.3785645
-24372,578.0553381,,24372,627.7608052
-24408,578.0479488,,24408,627.7369043
-24444,578.0404946,,24444,627.7130071
-24480,578.0329758,,24480,627.689113
-24516,580.8116244,,24516,631.0707432
-24552,580.8040397,,24552,631.0467264
-24588,580.7963899,,24588,631.0227133
-24624,580.7886773,,24624,630.9987036
-24660,583.5666886,,24660,634.3797256
-24696,583.5589084,,24696,634.3555934
-24732,583.5510649,,24732,634.3314643
-24768,586.3284413,,24768,637.712003
-24804,586.3205306,,24804,637.6877517
-24840,586.3125569,,24840,637.663505
-24876,586.3045194,,24876,637.6392605
-24912,589.0812566,,24912,641.0191902
-24948,589.0731514,,24948,640.9948237
-24984,589.0649839,,24984,640.9704612
-25020,589.0567525,,25020,640.9461031
-25056,591.8328497,,25056,644.3254239
-25092,591.8245509,,25092,644.3009431
-25128,591.8161884,,25128,644.2764654
-25164,591.8077638,,25164,644.2519914
-25200,594.5832194,,25200,647.6307045
-25236,594.5747268,,25236,647.606108
-25272,594.5661712,,25272,647.5815158
-25308,594.5575542,,25308,647.5569275
-25344,597.3323664,,25344,650.9350331
-25380,597.3236798,,25380,650.9103226
-25416,597.3149319,,25416,650.8856156
-25452,597.3061213,,25452,650.8609127
-25488,600.0802895,,25488,654.2384098
-25524,600.0714106,,25524,654.213585
-25560,600.0624693,,25560,654.1887639
-25596,600.0534659,,25596,654.1639461
-25632,602.8269893,,25632,657.5408367
-25668,602.8179169,,25668,657.5158973
-25704,602.8087828,,25704,657.4909617
-25740,602.7995884,,25740,657.4660296
-25776,605.5724642,,25776,660.842314
-25812,605.5631991,,25812,660.8172605
-25848,605.5538731,,25848,660.7922101
-25884,605.5444864,,25884,660.7671643
-25920,609.1158428,,25920,664.1428425
-25956,609.1064004,,25956,664.1176746
-25992,609.0968967,,25992,664.0925109
-26028,609.0873321,,26028,664.0673501
-26064,612.7297342,,26064,667.4424232
-26100,612.7201141,,26100,667.4171415
-26136,612.7104334,,26136,667.3918632
-26172,612.7006935,,26172,667.3665889
-26208,616.3420496,,26208,670.741057
-26244,616.3322513,,26244,670.7156611
-26280,616.3223942,,26280,670.6902688
-26316,616.3124766,,26316,670.6648807
-26352,619.9527876,,26352,674.0387438
-26388,619.9428129,,26388,674.0132342
-26424,619.932777,,26424,673.9877285
-26460,619.9226823,,26460,673.9622262
-26496,623.561949,,26496,677.3354853
-26532,623.5517954,,26532,677.3098617
-26568,623.5415823,,26568,677.2842431
-26604,623.5313092,,26604,677.2586271
-26640,627.1695315,,26640,680.6312823
-26676,627.1591996,,26676,680.6055452
-26712,627.148808,,26712,680.5798123
-26748,627.1383569,,26748,680.5540831
-26784,630.7755347,,26784,683.9261354
-26820,630.7650241,,26820,683.9002854
-26856,630.7544534,,26856,683.8744388
-26892,630.743824,,26892,683.848596
-26928,634.3799581,,26928,687.2200454
-26964,634.3692673,,26964,687.194082
-27000,634.3585181,,27000,687.1681222
-27036,634.3477089,,27036,687.1421663
-27072,637.9828011,,27072,690.5130128
-27108,637.9719298,,27108,690.4869356
-27144,637.9610006,,27144,690.460864
-27180,637.9500122,,27180,690.4347947
-27216,641.5840613,,27216,693.8050382
-27252,641.5730108,,27252,693.7788496
-27288,641.5619013,,27288,693.7526639
-27324,641.550733,,27324,693.7264825
-27360,645.1837389,,27360,697.0961241
-27396,645.1725078,,27396,697.0698217
-27432,645.1612173,,27432,697.0435232
-27468,645.1498688,,27468,697.0172293
-27504,648.7818331,,27504,700.3862699
-27540,648.7704209,,27540,700.3598552
-27576,648.75895,,27576,700.3334435
-27612,648.7474207,,27612,700.3070366
-27648,652.378343,,27648,703.6754761
-27684,652.366749,,27684,703.6489485
-27720,652.355096,,27720,703.6224251
-27756,652.343387,,27756,703.5959056
-27792,655.973267,,27792,706.963745
-27828,655.961491,,27828,706.9371049
-27864,655.949658,,27864,706.9104683
-27900,655.937765,,27900,706.8838367
-27936,659.566606,,27936,710.2510759
-27972,659.554647,,27972,710.2243229
-28008,659.542631,,28008,710.1975754
-28044,659.530557,,28044,710.1708311
-28080,663.158357,,28080,713.5374701
-28116,663.146216,,28116,713.5106056
-28152,663.134017,,28152,713.4837448
-28188,663.121761,,28188,713.4568882
-28224,663.109448,,28224,713.4300365
-28260,666.736195,,28260,716.7959522
-28296,666.723814,,28296,716.7689794
-28332,666.711375,,28332,716.7420111
-28368,666.69888,,28368,716.7150467
-28404,670.324586,,28404,720.0803629
-28440,670.312021,,28440,720.0532786
-28476,670.2994,,28476,720.0261989
-28512,670.286721,,28512,719.9991222
-28548,673.911386,,28548,723.3638409
-28584,673.898637,,28584,723.3366444
-28620,673.885832,,28620,723.3094527
-28656,673.872971,,28656,723.2822642
-28692,677.496594,,28692,726.6463851
-28728,677.483662,,28728,726.6190769
-28764,677.470673,,28764,726.5917736
-28800,677.457628,,28800,726.5644736
-28836,681.080211,,28836,729.9279966
-28872,681.067094,,28872,729.900577
-28908,681.053921,,28908,729.8731625
-28944,681.040692,,28944,729.8457514
-28980,684.662234,,28980,733.7359659
-29016,684.648933,,29016,733.7084158
-29052,684.635575,,29052,733.6808697
-29088,684.622161,,29088,733.6533273
-29124,688.242664,,29124,737.8072411
-29160,688.229177,,29160,737.7795495
-29196,688.215635,,29196,737.751863
-29232,691.835115,,29232,741.9051976
-29268,691.821498,,29268,741.877361
-29304,691.807826,,29304,741.8495292
-29340,691.794098,,29340,741.8217006
-29376,695.41254,,29376,745.9743038
-29412,695.398737,,29412,745.9463272
-29448,695.384878,,29448,745.9183543
-29484,695.370965,,29484,745.8903849
-29520,698.988367,,29520,750.0422564
-29556,698.974378,,29556,750.0141389
-29592,698.960334,,29592,749.9860253
-29628,698.946234,,29628,749.9579163
-29664,702.562598,,29664,754.1090567
-29700,702.548422,,29700,754.0807986
-29736,702.534191,,29736,754.0525446
-29772,702.519905,,29772,754.0242951
-29808,706.13523,,29808,758.174705
-29844,706.120867,,29844,758.1463066
-29880,706.106449,,29880,758.1179133
-29916,706.091975,,29916,758.0895227
-29952,709.706263,,29952,762.2392027
-29988,709.691712,,29988,762.2106642
-30024,709.677106,,30024,762.1821309
-30060,709.662447,,30060,762.1536004
-30096,713.275695,,30096,766.302551
-30132,713.260956,,30132,766.2738726
-30168,713.246164,,30168,766.2451985
-30204,713.231315,,30204,766.2165293
-30240,716.843526,,30240,770.3647501
-30276,716.8286,,30276,770.335932
-30312,716.813619,,30312,770.3071193
-30348,716.798582,,30348,770.2783096
-30384,720.409755,,30384,774.4258022
-30420,720.39464,,30420,774.3968446
-30456,720.379469,,30456,774.3678915
-30492,720.364246,,30492,774.3389424
-30528,723.97438,,30528,778.4857064
-30564,723.959076,,30564,778.4566104
-30600,723.943717,,30600,778.4275171
-30636,723.928305,,30636,778.3984288
-30672,723.912838,,30672,778.3693452
-30708,727.521908,,30708,782.5152296
-30744,727.50636,,30744,782.4859981
-30780,727.490759,,30780,782.4567709
-30816,727.475103,,30816,782.4275474
-30852,731.083135,,30852,786.5727051
-30888,731.067397,,30888,786.5433347
-30924,731.051606,,30924,786.5139676
-30960,731.035762,,30960,786.4846053
-30996,734.642754,,30996,790.629037
-31032,734.626827,,31032,790.599527
-31068,734.610846,,31068,790.570022
-31104,734.594813,,31104,790.540521
-31140,738.200766,,31140,794.684225
-31176,738.184649,,31176,794.654577
-31212,738.168479,,31212,794.624933
-31248,738.152255,,31248,794.595293
-31284,741.75717,,31284,798.738272
-31320,741.740862,,31320,798.708486
-31356,741.724501,,31356,798.678703
-31392,741.708087,,31392,798.648924
-31428,745.311964,,31428,802.791178
-31464,745.295465,,31464,802.761253
-31500,745.278914,,31500,802.731332
-31536,745.26231,,31536,802.701416
-31572,748.865148,,31572,806.842945
-31608,748.848458,,31608,806.812881
-31644,748.831715,,31644,806.782822
-31680,748.81492,,31680,806.752767
-31716,752.416719,,31716,810.893572
-31752,752.399838,,31752,810.86337
-31788,752.382904,,31788,810.833173
-31824,752.365918,,31824,810.80298
-31860,755.966678,,31860,814.943062
-31896,755.949606,,31896,814.912721
-31932,755.93248,,31932,814.882387
-31968,755.915302,,31968,814.852055
-32004,759.515024,,32004,818.991414
-32040,759.497759,,32040,818.960936
-32076,759.480441,,32076,818.930464
-32112,759.463072,,32112,818.899995
-32148,763.061755,,32148,823.038631
-32184,763.044297,,32184,823.008016
-32220,763.026788,,32220,822.977405
-32256,763.009226,,32256,822.946799
-32292,766.606871,,32292,827.084712
-32328,766.58922,,32328,827.053959
-32364,766.571518,,32364,827.023212
-32400,766.553763,,32400,826.992467
-32436,770.15037,,32436,831.129659
-32472,770.132526,,32472,831.098769
-32508,770.11463,,32508,831.067884
-32544,770.096683,,32544,831.037003
-32580,773.692251,,32580,835.173474
-32616,773.674214,,32616,835.142446
-32652,773.656125,,32652,835.111424
-32688,773.637984,,32688,835.080405
-32724,777.232513,,32724,839.216155
-32760,777.214283,,32760,839.184992
-32796,777.196,,32796,839.153832
-32832,780.78953,,32832,843.289012
-32868,780.771157,,32868,843.257706
-32904,780.752732,,32904,843.226405
-32940,780.734255,,32940,843.195108
-32976,784.326747,,32976,847.329569
-33012,784.308179,,33012,847.298127
-33048,784.289559,,33048,847.266689
-33084,784.270888,,33084,847.235256
-33120,787.862342,,33120,851.368997
-33156,787.843578,,33156,851.337418
-33192,787.824765,,33192,851.305843
-33228,787.805898,,33228,851.274273
-33264,791.396315,,33264,855.407295
-33300,791.377357,,33300,855.37558
-33336,791.358347,,33336,855.343869
-33372,791.339286,,33372,855.312164
-33408,794.928664,,33408,859.444467
-33444,794.90951,,33444,859.412615
-33480,794.890305,,33480,859.380769
-33516,794.871049,,33516,859.348926
-33552,798.459388,,33552,863.480511
-33588,798.440039,,33588,863.448524
-33624,798.420638,,33624,863.416541
-33660,798.401187,,33660,863.384562
-33696,801.988488,,33696,867.51543
-33732,801.968942,,33732,867.483306
-33768,801.949344,,33768,867.451187
-33804,801.929697,,33804,867.419073
-33840,805.515959,,33840,871.549225
-33876,805.496217,,33876,871.516964
-33912,805.476424,,33912,871.48471
-33948,805.45658,,33948,871.452461
-33984,809.041804,,33984,875.581894
-34020,809.021865,,34020,875.5495
-34056,809.001875,,34056,875.517109
-34092,808.981834,,34092,875.484724
-34128,812.566019,,34128,879.613441
-34164,812.545884,,34164,879.580911
-34200,812.525696,,34200,879.548386
-34236,812.505459,,34236,879.515865
-34272,816.088605,,34272,883.643867
-34308,816.068272,,34308,883.611201
-34344,816.047887,,34344,883.57854
-34380,816.027453,,34380,883.545884
-34416,819.60956,,34416,887.673171
-34452,819.589028,,34452,887.64037
-34488,819.568447,,34488,887.607574
-34524,819.547815,,34524,887.574783
-34560,823.128883,,34560,891.701355
-34596,823.108154,,34596,891.668419
-34632,823.087374,,34632,891.635488
-34668,823.066544,,34668,891.602562
-34704,826.646573,,34704,895.728419
-34740,826.625644,,34740,895.695349
-34776,826.604666,,34776,895.662283
-34812,826.583639,,34812,895.629222
-34848,830.162629,,34848,899.754366
-34884,830.141502,,34884,899.721161
-34920,830.120325,,34920,899.68796
-34956,830.099098,,34956,899.654764
-34992,833.677049,,34992,903.779195
-35028,833.655722,,35028,903.745855
-35064,833.634347,,35064,903.712521
-35100,833.612923,,35100,903.67919
-35136,837.189833,,35136,907.802908
-35172,837.168308,,35172,907.769434
-35208,837.146732,,35208,907.735965
-35244,837.125108,,35244,907.7025
-35280,840.700979,,35280,911.825505
-35316,840.679254,,35316,911.791897
-35352,840.65748,,35352,911.758293
-35388,840.635656,,35388,911.724695
-35424,844.210487,,35424,915.846988
-35460,844.188563,,35460,915.813245
-35496,844.166588,,35496,915.779508
-35532,844.144565,,35532,915.745775
-35568,847.718355,,35568,919.867358
-35604,847.69623,,35604,919.833481
-35640,847.674057,,35640,919.799609
-35676,847.651833,,35676,919.765742
-35712,851.224584,,35712,923.886614
-35748,851.202258,,35748,923.852603
-35784,851.179883,,35784,923.818598
-35820,851.157459,,35820,923.784597
-35856,854.729169,,35856,927.904758
-35892,854.706643,,35892,927.870614
-35928,854.684068,,35928,927.836475
-35964,854.661444,,35964,927.802341
-36000,858.232112,,36000,931.921791
-36036,858.209385,,36036,931.887514
-36072,858.186609,,36072,931.853241
-36108,858.163783,,36108,931.818974
-36144,861.733411,,36144,935.937716
-36180,861.710482,,36180,935.903305
-36216,861.687505,,36216,935.868899
-36252,861.664479,,36252,935.834498
-36288,865.233066,,36288,939.95253
-36324,865.209935,,36324,939.917986
-36360,865.186755,,36360,939.883447
-36396,865.163528,,36396,939.848913
-36432,868.731073,,36432,943.966237
-36468,868.707741,,36468,943.93156
-36504,868.68436,,36504,943.896888
-36540,868.66093,,36540,943.862221
-36576,872.227434,,36576,947.978836
-36612,872.203899,,36612,947.944027
-36648,872.180316,,36648,947.909222
-36684,872.156684,,36684,947.874422
-36720,875.722147,,36720,951.990329
-36756,875.698408,,36756,951.955387
-36792,875.674623,,36792,951.920449
-36828,875.650788,,36828,951.885517
-36864,879.215209,,36864,956.000717
-36900,879.191268,,36900,955.965642
-36936,879.16728,,36936,955.930572
-36972,879.143243,,36972,955.895507
-37008,882.706621,,37008,960.01
-37044,882.682477,,37044,959.974792
-37080,882.658285,,37080,959.93959
-37116,882.634045,,37116,959.904393
-37152,886.196381,,37152,964.01818
-37188,886.172034,,37188,963.98284
-37224,886.147638,,37224,963.947505
-37260,886.123196,,37260,963.912176
-37296,889.684488,,37296,968.025257
-37332,889.659937,,37332,967.989784
-37368,889.635338,,37368,967.954318
-37404,889.610691,,37404,967.918857
-37440,893.170942,,37440,972.031232
-37476,893.146186,,37476,971.995628
-37512,893.121384,,37512,971.960029
-37548,893.096533,,37548,971.924435
-37584,896.65574,,37584,976.036107
-37620,896.63078,,37620,976.00037
-37656,896.605773,,37656,975.96464
-37692,896.580719,,37692,975.928915
-37728,900.138882,,37728,980.039881
-37764,900.113717,,37764,980.004014
-37800,900.088506,,37800,979.968151
-37836,900.063247,,37836,979.932294
-37872,903.620366,,37872,984.042557
-37908,903.594997,,37908,984.006557
-37944,903.56958,,37944,983.970563
-37980,903.544117,,37980,983.934574
-38016,907.100192,,38016,988.044134
-38052,907.074618,,38052,988.008004
-38088,907.048995,,38088,987.971878
-38124,907.023327,,38124,987.935758
-38160,910.578359,,38160,992.044614
-38196,910.552578,,38196,992.008353
-38232,910.526751,,38232,991.972096
-38268,910.500876,,38268,991.935844
-38304,914.054863,,38304,996.043998
-38340,914.028878,,38340,996.007606
-38376,914.002845,,38376,995.971218
-38412,913.976765,,38412,995.934835
-38448,917.529708,,38448,1000.042286
-38484,917.503515,,38484,1000.005762
-38520,917.477276,,38520,999.969244
-38556,917.45099,,38556,999.932731
-38592,921.002888,,38592,1004.03948
-38628,920.976489,,38628,1004.002826
-38664,920.950043,,38664,1003.966176
-38700,920.923551,,38700,1003.929532
-38736,924.474404,,38736,1008.035581
-38772,924.447798,,38772,1007.998795
-38808,924.421146,,38808,1007.962015
-38844,924.394447,,38844,1007.925241
-38880,927.944255,,38880,1012.030588
-38916,927.917442,,38916,1011.993673
-38952,927.890583,,38952,1011.956762
-38988,927.863677,,38988,1011.919857
-39024,927.836725,,39024,1011.882957
-39060,931.385418,,39060,1015.987458
-39096,931.358352,,39096,1015.950417
-39132,931.331239,,39132,1015.913382
-39168,931.304081,,39168,1015.876351
-39204,934.851727,,39204,1019.980152
-39240,934.824453,,39240,1019.942981
-39276,934.797133,,39276,1019.905815
-39312,934.769767,,39312,1019.868655
-39348,938.316366,,39348,1023.971757
-39384,938.288885,,39384,1023.934456
-39420,938.261357,,39420,1023.89716
-39456,938.233784,,39456,1023.85987
-39492,941.779335,,39492,1027.962272
-39528,941.751646,,39528,1027.924842
-39564,941.72391,,39564,1027.887416
-39600,941.696129,,39600,1027.849996
-39636,945.240633,,39636,1031.9517
-39672,945.212735,,39672,1031.914139
-39708,945.184791,,39708,1031.876584
-39744,945.156801,,39744,1031.839034
-39780,948.700257,,39780,1035.940039
-39816,948.672151,,39816,1035.902349
-39852,948.643999,,39852,1035.864664
-39888,948.615801,,39888,1035.826985
-39924,952.158209,,39924,1039.927293
-39960,952.129893,,39960,1039.889473
-39996,952.101532,,39996,1039.851659
-40032,952.073125,,40032,1039.813851
-40068,955.614484,,40068,1043.913462
-40104,955.58596,,40104,1043.875513
-40140,955.55739,,40140,1043.837569
-40176,955.528773,,40176,1043.799631
-40212,959.069084,,40212,1047.898546
-40248,959.040349,,40248,1047.860467
-40284,959.011569,,40284,1047.822395
-40320,958.982745,,40320,1047.784328
-40356,962.522006,,40356,1051.882546
-40392,962.493062,,40392,1051.844338
-40428,962.464072,,40428,1051.806137
-40464,966.002358,,40464,1055.903805
-40500,965.97325,,40500,1055.865463
-40536,965.944096,,40536,1055.827127
-40572,965.914896,,40572,1055.788797
-40608,969.452133,,40608,1059.885769
-40644,969.422813,,40644,1059.847298
-40680,969.393449,,40680,1059.808834
-40716,969.36404,,40716,1059.770374
-40752,972.900225,,40752,1063.866651
-40788,972.870696,,40788,1063.828053
-40824,972.841121,,40824,1063.789459
-40860,972.811501,,40860,1063.750871
-40896,976.346638,,40896,1067.846454
-40932,976.316896,,40932,1067.807726
-40968,976.287111,,40968,1067.769005
-41004,976.25728,,41004,1067.730289
-41040,979.791366,,41040,1071.825177
-41076,979.761414,,41076,1071.786321
-41112,979.731417,,41112,1071.747472
-41148,979.701375,,41148,1071.708626
-41184,983.234411,,41184,1075.802822
-41220,983.204247,,41220,1075.763838
-41256,983.174038,,41256,1075.72486
-41292,983.143784,,41292,1075.685887
-41328,986.675769,,41328,1079.779389
-41364,986.645394,,41364,1079.740277
-41400,986.614973,,41400,1079.70117
-41436,986.584508,,41436,1079.66207
-41472,990.115441,,41472,1083.754879
-41508,990.084853,,41508,1083.715639
-41544,990.054221,,41544,1083.676405
-41580,990.023544,,41580,1083.637176
-41616,993.553425,,41616,1087.729293
-41652,993.522625,,41652,1087.689925
-41688,993.491781,,41688,1087.650564
-41724,993.460891,,41724,1087.611206
-41760,996.98972,,41760,1091.702633
-41796,996.958707,,41796,1091.663137
-41832,996.927651,,41832,1091.623647
-41868,996.896548,,41868,1091.584163
-41904,1000.424325,,41904,1095.674897
-41940,1000.3931,,41940,1095.635274
-41976,1000.361829,,41976,1095.595657
-42012,1000.330514,,42012,1095.556045
-42048,1003.857238,,42048,1099.646088
-42084,1003.8258,,42084,1099.606338
-42120,1003.794316,,42120,1099.566594
-42156,1003.762788,,42156,1099.526855
-42192,1007.288459,,42192,1103.616208
-42228,1007.256806,,42228,1103.57633
-42264,1007.225109,,42264,1103.536459
-42300,1007.193368,,42300,1103.496592
-42336,1010.717986,,42336,1107.585255
-42372,1010.686119,,42372,1107.545251
-42408,1010.654208,,42408,1107.505252
-42444,1010.622254,,42444,1107.465259
-42480,1014.145817,,42480,1111.553231
-42516,1014.113737,,42516,1111.5131
-42552,1014.081611,,42552,1111.472975
-42588,1014.049443,,42588,1111.432855
-42624,1017.571952,,42624,1115.520138
-42660,1017.539657,,42660,1115.47988
-42696,1017.507318,,42696,1115.439628
-42732,1017.474935,,42732,1115.399381
-42768,1020.996389,,42768,1119.485976
-42804,1020.963879,,42804,1119.445591
-42840,1020.931326,,42840,1119.405212
-42876,1020.898728,,42876,1119.36484
-42912,1024.419128,,42912,1123.450745
-42948,1024.386403,,42948,1123.410234
-42984,1024.353634,,42984,1123.369729
-43020,1024.320822,,43020,1123.329229
-43056,1027.840166,,43056,1127.414448
-43092,1027.807226,,43092,1127.37381
-43128,1027.774242,,43128,1127.333179
-43164,1027.741215,,43164,1127.292553
-43200,1031.259502,,43200,1131.377084
